{
    "embeddings_clinical": {
        "version": "clinical/models/embeddings_clinical_en_2.4.0_2.4_1580237286004.zip"
    },
    "ner_posology": {
        "version": "clinical/models/ner_posology_en_3.0.0_3.0_1617208445872.zip"
    },
    "ner_clinical": {
        "version": "clinical/models/ner_clinical_en_3.0.0_3.0_1617208419368.zip"
    },
    "ner_clinical_large": {
        "version": "clinical/models/ner_clinical_large_en_3.0.0_3.0_1617206114650.zip"
    },
    "ner_jsl": {
        "version": "clinical/models/ner_jsl_en_3.1.0_3.0_1624284761441.zip"
    },
    "pos_clinical": {
        "version": "clinical/models/pos_clinical_en_3.0.0_3.0_1617052315327.zip"
    },
    "dependency_conllu": {
        "version": "public/models/dependency_conllu_en_3.0.0_3.0_1616860290925.zip"
    },
    "assertion_dl": {
        "version": "clinical/models/assertion_dl_en_2.7.2_2.4_1611647201607.zip"
    },
    "sbiobert_base_cased_mli": {
        "version": "clinical/models/sbiobert_base_cased_mli_en_2.6.4_2.4_1606225728763.zip"
    },
    "sbiobertresolve_rxnorm_disposition": {
        "version": "clinical/models/sbiobertresolve_rxnorm_disposition_en_3.1.3_2.4_1628792971821.zip"
    }
}
  