[
    {},
    {},
    {},
    {},
    {},
    {},
    {},
    {
        "7 7": [
            {
                "calcionate": {
                    "raw_sentence": "Consolidation Cycles 2-4",
                    "raw_drug": "Consolidation Cycles",
                    "drug_entity": "Treatment",
                    "resolved_drug": "calcionate",
                    "intervention_type": "7",
                    "rxnorm_code": "215824",
                    "associated_details": {
                        "dosage": "",
                        "form": "",
                        "route": "",
                        "strength": "",
                        "frequency": "",
                        "duration": "",
                        "disposition": "",
                        "relativedate": "",
                        "administration": "",
                        "cyclelength": ""
                    }
                }
            }
        ]
    },
    {},
    {},
    {},
    {},
    {},
    {}
]