[
    {
        "0 0": [
            {
                "sodium bicarbonate 0.9 meq/ml [min-i-jet sodium bicarbonate]": {
                    "raw_sentence": "Bacteriostatic 0.9% Sodium Chloride Injection, USP (starting volume)",
                    "raw_drug": "Bacteriostatic 0.9% Sodium Chloride Injection",
                    "drug_entity": "Treatment",
                    "resolved_drug": "sodium bicarbonate 0.9 meq/ml [min-i-jet sodium bicarbonate]",
                    "intervention_type": "0",
                    "rxnorm_code": "844274",
                    "associated_details": {
                        "dosage": "",
                        "form": "",
                        "route": "",
                        "strength": "",
                        "frequency": "",
                        "duration": "",
                        "disposition": "",
                        "relativedate": "",
                        "administration": "",
                        "cyclelength": ""
                    }
                }
            }
        ]
    },
    {
        "1 1": [
            {
                "sodium bicarbonate 0.9 meq/ml [min-i-jet sodium bicarbonate]": {
                    "raw_sentence": "Bacteriostatic 0.9% Sodium Chloride Injection, USP (starting volume)",
                    "raw_drug": "Bacteriostatic 0.9% Sodium Chloride Injection",
                    "drug_entity": "Treatment",
                    "resolved_drug": "sodium bicarbonate 0.9 meq/ml [min-i-jet sodium bicarbonate]",
                    "intervention_type": "1",
                    "rxnorm_code": "844274",
                    "associated_details": {
                        "dosage": "",
                        "form": "",
                        "route": "",
                        "strength": "",
                        "frequency": "",
                        "duration": "",
                        "disposition": "",
                        "relativedate": "",
                        "administration": "",
                        "cyclelength": ""
                    }
                }
            }
        ]
    },
    {
        "2 2": [
            {
                "sodium bicarbonate 0.9 meq/ml [min-i-jet sodium bicarbonate]": {
                    "raw_sentence": "Bacteriostatic 0.9% Sodium Chloride Injection, USP (starting volume)",
                    "raw_drug": "Bacteriostatic 0.9% Sodium Chloride Injection",
                    "drug_entity": "Treatment",
                    "resolved_drug": "sodium bicarbonate 0.9 meq/ml [min-i-jet sodium bicarbonate]",
                    "intervention_type": "2",
                    "rxnorm_code": "844274",
                    "associated_details": {
                        "dosage": "",
                        "form": "",
                        "route": "",
                        "strength": "",
                        "frequency": "",
                        "duration": "",
                        "disposition": "",
                        "relativedate": "",
                        "administration": "",
                        "cyclelength": ""
                    }
                }
            }
        ]
    },
    {
        "3 3": [
            {
                "sodium bicarbonate 0.9 meq/ml [min-i-jet sodium bicarbonate]": {
                    "raw_sentence": "Bacteriostatic 0.9% Sodium Chloride Injection, USP (starting volume)",
                    "raw_drug": "Bacteriostatic 0.9% Sodium Chloride Injection",
                    "drug_entity": "Treatment",
                    "resolved_drug": "sodium bicarbonate 0.9 meq/ml [min-i-jet sodium bicarbonate]",
                    "intervention_type": "3",
                    "rxnorm_code": "844274",
                    "associated_details": {
                        "dosage": "",
                        "form": "",
                        "route": "",
                        "strength": "",
                        "frequency": "",
                        "duration": "",
                        "disposition": "",
                        "relativedate": "",
                        "administration": "",
                        "cyclelength": ""
                    }
                }
            }
        ]
    },
    {},
    {},
    {
        "6 6": [
            {
                "pedtrace-4 injectable solution": {
                    "raw_sentence": "IV Solution Stabilizer (fixed volume for 7-day infusion)",
                    "raw_drug": "IV Solution Stabilizer",
                    "drug_entity": "Treatment",
                    "resolved_drug": "pedtrace-4 injectable solution",
                    "intervention_type": "6",
                    "rxnorm_code": "362949",
                    "associated_details": {
                        "dosage": "",
                        "form": "",
                        "route": "",
                        "strength": "",
                        "frequency": "",
                        "duration": "",
                        "disposition": "",
                        "relativedate": "",
                        "administration": "",
                        "cyclelength": ""
                    }
                }
            }
        ]
    },
    {
        "7 7": [
            {
                "pedtrace-4 injectable solution": {
                    "raw_sentence": "IV Solution Stabilizer (fixed volume for 7-day infusion)",
                    "raw_drug": "IV Solution Stabilizer",
                    "drug_entity": "Treatment",
                    "resolved_drug": "pedtrace-4 injectable solution",
                    "intervention_type": "7",
                    "rxnorm_code": "362949",
                    "associated_details": {
                        "dosage": "",
                        "form": "",
                        "route": "",
                        "strength": "",
                        "frequency": "",
                        "duration": "",
                        "disposition": "",
                        "relativedate": "",
                        "administration": "",
                        "cyclelength": ""
                    }
                }
            }
        ]
    },
    {
        "8 8": [
            {
                "pedtrace-4 injectable solution": {
                    "raw_sentence": "IV Solution Stabilizer (fixed volume for 7-day infusion)",
                    "raw_drug": "IV Solution Stabilizer",
                    "drug_entity": "Treatment",
                    "resolved_drug": "pedtrace-4 injectable solution",
                    "intervention_type": "8",
                    "rxnorm_code": "362949",
                    "associated_details": {
                        "dosage": "",
                        "form": "",
                        "route": "",
                        "strength": "",
                        "frequency": "",
                        "duration": "",
                        "disposition": "",
                        "relativedate": "",
                        "administration": "",
                        "cyclelength": ""
                    }
                }
            }
        ]
    },
    {
        "9 9": [
            {
                "pedtrace-4 injectable solution": {
                    "raw_sentence": "IV Solution Stabilizer (fixed volume for 7-day infusion)",
                    "raw_drug": "IV Solution Stabilizer",
                    "drug_entity": "Treatment",
                    "resolved_drug": "pedtrace-4 injectable solution",
                    "intervention_type": "9",
                    "rxnorm_code": "362949",
                    "associated_details": {
                        "dosage": "",
                        "form": "",
                        "route": "",
                        "strength": "",
                        "frequency": "",
                        "duration": "",
                        "disposition": "",
                        "relativedate": "",
                        "administration": "",
                        "cyclelength": ""
                    }
                }
            }
        ]
    },
    {},
    {},
    {},
    {},
    {},
    {},
    {},
    {},
    {
        "18 18": [
            {
                "sodium chloride 0.009 mg/mg": {
                    "raw_sentence": "Quantity Sufficient (q.s.) with 0.9% Sodium Chloride Injection, USP to a Final Volume of 110 mL",
                    "raw_drug": "0.9% Sodium Chloride Injection",
                    "drug_entity": "Treatment",
                    "resolved_drug": "sodium chloride 0.009 mg/mg",
                    "intervention_type": "18",
                    "rxnorm_code": "339978",
                    "associated_details": {
                        "dosage": "",
                        "form": "",
                        "route": "",
                        "strength": "",
                        "frequency": "",
                        "duration": "",
                        "disposition": "",
                        "relativedate": "",
                        "administration": "",
                        "cyclelength": ""
                    }
                }
            }
        ]
    },
    {
        "19 19": [
            {
                "sodium chloride 0.009 mg/mg": {
                    "raw_sentence": "Quantity Sufficient (q.s.) with 0.9% Sodium Chloride Injection, USP to a Final Volume of 110 mL",
                    "raw_drug": "0.9% Sodium Chloride Injection",
                    "drug_entity": "Treatment",
                    "resolved_drug": "sodium chloride 0.009 mg/mg",
                    "intervention_type": "19",
                    "rxnorm_code": "339978",
                    "associated_details": {
                        "dosage": "",
                        "form": "",
                        "route": "",
                        "strength": "",
                        "frequency": "",
                        "duration": "",
                        "disposition": "",
                        "relativedate": "",
                        "administration": "",
                        "cyclelength": ""
                    }
                }
            }
        ]
    },
    {
        "20 20": [
            {
                "sodium chloride 0.009 mg/mg": {
                    "raw_sentence": "Quantity Sufficient (q.s.) with 0.9% Sodium Chloride Injection, USP to a Final Volume of 110 mL",
                    "raw_drug": "0.9% Sodium Chloride Injection",
                    "drug_entity": "Treatment",
                    "resolved_drug": "sodium chloride 0.009 mg/mg",
                    "intervention_type": "20",
                    "rxnorm_code": "339978",
                    "associated_details": {
                        "dosage": "",
                        "form": "",
                        "route": "",
                        "strength": "",
                        "frequency": "",
                        "duration": "",
                        "disposition": "",
                        "relativedate": "",
                        "administration": "",
                        "cyclelength": ""
                    }
                }
            }
        ]
    },
    {
        "21 21": [
            {
                "sodium chloride 0.009 mg/mg": {
                    "raw_sentence": "Quantity Sufficient (q.s.) with 0.9% Sodium Chloride Injection, USP to a Final Volume of 110 mL",
                    "raw_drug": "0.9% Sodium Chloride Injection",
                    "drug_entity": "Treatment",
                    "resolved_drug": "sodium chloride 0.009 mg/mg",
                    "intervention_type": "21",
                    "rxnorm_code": "339978",
                    "associated_details": {
                        "dosage": "",
                        "form": "",
                        "route": "",
                        "strength": "",
                        "frequency": "",
                        "duration": "",
                        "disposition": "",
                        "relativedate": "",
                        "administration": "",
                        "cyclelength": ""
                    }
                }
            }
        ]
    },
    {},
    {},
    {},
    {},
    {},
    {},
    {},
    {},
    {},
    {},
    {},
    {},
    {},
    {},
    {},
    {},
    {},
    {},
    {},
    {
        "41 41": [
            {
                "sodium chloride 0.009 mg/mg": {
                    "raw_sentence": "Volume of 0.9% Sodium Chloride Injection, USP needed to q.s",
                    "raw_drug": "0.9% Sodium Chloride Injection",
                    "drug_entity": "Treatment",
                    "resolved_drug": "sodium chloride 0.009 mg/mg",
                    "intervention_type": "41",
                    "rxnorm_code": "339978",
                    "associated_details": {
                        "dosage": "",
                        "form": "",
                        "route": "",
                        "strength": "",
                        "frequency": "q.s",
                        "duration": "",
                        "disposition": "",
                        "relativedate": "",
                        "administration": "",
                        "cyclelength": ""
                    }
                }
            }
        ]
    },
    {},
    {},
    {},
    {},
    {},
    {
        "47 47": [
            {
                "sodium chloride 0.009 mg/mg": {
                    "raw_sentence": "Volume of 0.9% Sodium Chloride Injection, USP needed to q.s",
                    "raw_drug": "0.9% Sodium Chloride Injection",
                    "drug_entity": "Treatment",
                    "resolved_drug": "sodium chloride 0.009 mg/mg",
                    "intervention_type": "47",
                    "rxnorm_code": "339978",
                    "associated_details": {
                        "dosage": "",
                        "form": "",
                        "route": "",
                        "strength": "",
                        "frequency": "q.s",
                        "duration": "",
                        "disposition": "",
                        "relativedate": "",
                        "administration": "",
                        "cyclelength": ""
                    }
                }
            }
        ]
    },
    {
        "48 48": [
            {
                "retaine mgd": {
                    "raw_sentence": "Fixed-Dose",
                    "raw_drug": "Fixed-Dose",
                    "drug_entity": "Drug",
                    "resolved_drug": "retaine mgd",
                    "intervention_type": "48",
                    "rxnorm_code": "1236278",
                    "associated_details": {
                        "dosage": "",
                        "form": "",
                        "route": "",
                        "strength": "",
                        "frequency": "",
                        "duration": "",
                        "disposition": "",
                        "relativedate": "",
                        "administration": "",
                        "cyclelength": ""
                    }
                }
            }
        ]
    },
    {
        "49 49": [
            {
                "retaine mgd": {
                    "raw_sentence": "Fixed-Dose",
                    "raw_drug": "Fixed-Dose",
                    "drug_entity": "Drug",
                    "resolved_drug": "retaine mgd",
                    "intervention_type": "49",
                    "rxnorm_code": "1236278",
                    "associated_details": {
                        "dosage": "",
                        "form": "",
                        "route": "",
                        "strength": "",
                        "frequency": "",
                        "duration": "",
                        "disposition": "",
                        "relativedate": "",
                        "administration": "",
                        "cyclelength": ""
                    }
                }
            }
        ]
    },
    {
        "50 50": [
            {
                "retaine mgd": {
                    "raw_sentence": "Fixed-Dose",
                    "raw_drug": "Fixed-Dose",
                    "drug_entity": "Drug",
                    "resolved_drug": "retaine mgd",
                    "intervention_type": "50",
                    "rxnorm_code": "1236278",
                    "associated_details": {
                        "dosage": "",
                        "form": "",
                        "route": "",
                        "strength": "",
                        "frequency": "",
                        "duration": "",
                        "disposition": "",
                        "relativedate": "",
                        "administration": "",
                        "cyclelength": ""
                    }
                }
            }
        ]
    },
    {
        "51 51": [
            {
                "retaine mgd": {
                    "raw_sentence": "Fixed-Dose",
                    "raw_drug": "Fixed-Dose",
                    "drug_entity": "Drug",
                    "resolved_drug": "retaine mgd",
                    "intervention_type": "51",
                    "rxnorm_code": "1236278",
                    "associated_details": {
                        "dosage": "",
                        "form": "",
                        "route": "",
                        "strength": "",
                        "frequency": "",
                        "duration": "",
                        "disposition": "",
                        "relativedate": "",
                        "administration": "",
                        "cyclelength": ""
                    }
                }
            }
        ]
    },
    {
        "52 52": [
            {
                "retaine mgd": {
                    "raw_sentence": "Fixed-Dose",
                    "raw_drug": "Fixed-Dose",
                    "drug_entity": "Drug",
                    "resolved_drug": "retaine mgd",
                    "intervention_type": "52",
                    "rxnorm_code": "1236278",
                    "associated_details": {
                        "dosage": "",
                        "form": "",
                        "route": "",
                        "strength": "",
                        "frequency": "",
                        "duration": "",
                        "disposition": "",
                        "relativedate": "",
                        "administration": "",
                        "cyclelength": ""
                    }
                }
            }
        ]
    },
    {
        "53 53": [
            {
                "retaine mgd": {
                    "raw_sentence": "Fixed-Dose",
                    "raw_drug": "Fixed-Dose",
                    "drug_entity": "Drug",
                    "resolved_drug": "retaine mgd",
                    "intervention_type": "53",
                    "rxnorm_code": "1236278",
                    "associated_details": {
                        "dosage": "",
                        "form": "",
                        "route": "",
                        "strength": "",
                        "frequency": "",
                        "duration": "",
                        "disposition": "",
                        "relativedate": "",
                        "administration": "",
                        "cyclelength": ""
                    }
                }
            }
        ]
    },
    {},
    {},
    {},
    {},
    {},
    {},
    {},
    {},
    {},
    {},
    {},
    {},
    {},
    {},
    {},
    {},
    {},
    {},
    {},
    {},
    {},
    {},
    {},
    {},
    {},
    {},
    {},
    {},
    {},
    {},
    {},
    {},
    {},
    {},
    {},
    {},
    {},
    {},
    {},
    {},
    {},
    {},
    {},
    {},
    {},
    {},
    {},
    {},
    {},
    {},
    {},
    {},
    {},
    {},
    {
        "108 108": [
            {
                "injection": {
                    "raw_sentence": "7-day infusion not recommended",
                    "raw_drug": "infusion",
                    "drug_entity": "Treatment",
                    "resolved_drug": "injection",
                    "intervention_type": "108",
                    "rxnorm_code": "1649574",
                    "associated_details": {
                        "dosage": "",
                        "form": "",
                        "route": "",
                        "strength": "",
                        "frequency": "",
                        "duration": "",
                        "disposition": "",
                        "relativedate": "",
                        "administration": "",
                        "cyclelength": ""
                    }
                }
            }
        ]
    },
    {
        "109 109": [
            {
                "injection": {
                    "raw_sentence": "7-day infusion not recommended",
                    "raw_drug": "infusion",
                    "drug_entity": "Treatment",
                    "resolved_drug": "injection",
                    "intervention_type": "109",
                    "rxnorm_code": "1649574",
                    "associated_details": {
                        "dosage": "",
                        "form": "",
                        "route": "",
                        "strength": "",
                        "frequency": "",
                        "duration": "",
                        "disposition": "",
                        "relativedate": "",
                        "administration": "",
                        "cyclelength": ""
                    }
                }
            }
        ]
    },
    {
        "110 110": [
            {
                "injection": {
                    "raw_sentence": "7-day infusion not recommended",
                    "raw_drug": "infusion",
                    "drug_entity": "Treatment",
                    "resolved_drug": "injection",
                    "intervention_type": "110",
                    "rxnorm_code": "1649574",
                    "associated_details": {
                        "dosage": "",
                        "form": "",
                        "route": "",
                        "strength": "",
                        "frequency": "",
                        "duration": "",
                        "disposition": "",
                        "relativedate": "",
                        "administration": "",
                        "cyclelength": ""
                    }
                }
            }
        ]
    },
    {
        "111 111": [
            {
                "injection": {
                    "raw_sentence": "7-day infusion not recommended",
                    "raw_drug": "infusion",
                    "drug_entity": "Treatment",
                    "resolved_drug": "injection",
                    "intervention_type": "111",
                    "rxnorm_code": "1649574",
                    "associated_details": {
                        "dosage": "",
                        "form": "",
                        "route": "",
                        "strength": "",
                        "frequency": "",
                        "duration": "",
                        "disposition": "",
                        "relativedate": "",
                        "administration": "",
                        "cyclelength": ""
                    }
                }
            }
        ]
    },
    {
        "112 112": [
            {
                "injection": {
                    "raw_sentence": "7-day infusion not recommended",
                    "raw_drug": "infusion",
                    "drug_entity": "Treatment",
                    "resolved_drug": "injection",
                    "intervention_type": "112",
                    "rxnorm_code": "1649574",
                    "associated_details": {
                        "dosage": "",
                        "form": "",
                        "route": "",
                        "strength": "",
                        "frequency": "",
                        "duration": "",
                        "disposition": "",
                        "relativedate": "",
                        "administration": "",
                        "cyclelength": ""
                    }
                }
            }
        ]
    }
]