[
    {
        "0 0": [
            {
                "sodium chloride injection": {
                    "raw_sentence": "0.9% Sodium Chloride Injection, USP (starting volume)",
                    "raw_drug": "Sodium Chloride Injection",
                    "drug_entity": "Treatment",
                    "resolved_drug": "sodium chloride injection",
                    "intervention_type": "0",
                    "rxnorm_code": "1807545",
                    "associated_details": {
                        "dosage": "",
                        "form": "",
                        "route": "",
                        "strength": "0.9%",
                        "frequency": "",
                        "duration": "",
                        "disposition": "",
                        "relativedate": "",
                        "administration": "",
                        "cyclelength": ""
                    }
                }
            }
        ]
    },
    {
        "1 1": [
            {
                "sodium chloride injection": {
                    "raw_sentence": "0.9% Sodium Chloride Injection, USP (starting volume)",
                    "raw_drug": "Sodium Chloride Injection",
                    "drug_entity": "Treatment",
                    "resolved_drug": "sodium chloride injection",
                    "intervention_type": "1",
                    "rxnorm_code": "1807545",
                    "associated_details": {
                        "dosage": "",
                        "form": "",
                        "route": "",
                        "strength": "0.9%",
                        "frequency": "",
                        "duration": "",
                        "disposition": "",
                        "relativedate": "",
                        "administration": "",
                        "cyclelength": ""
                    }
                }
            }
        ]
    },
    {
        "2 2": [
            {
                "sodium chloride injection": {
                    "raw_sentence": "0.9% Sodium Chloride Injection, USP (starting volume)",
                    "raw_drug": "Sodium Chloride Injection",
                    "drug_entity": "Treatment",
                    "resolved_drug": "sodium chloride injection",
                    "intervention_type": "2",
                    "rxnorm_code": "1807545",
                    "associated_details": {
                        "dosage": "",
                        "form": "",
                        "route": "",
                        "strength": "0.9%",
                        "frequency": "",
                        "duration": "",
                        "disposition": "",
                        "relativedate": "",
                        "administration": "",
                        "cyclelength": ""
                    }
                }
            }
        ]
    },
    {
        "3 3": [
            {
                "sodium chloride injection": {
                    "raw_sentence": "0.9% Sodium Chloride Injection, USP (starting volume)",
                    "raw_drug": "Sodium Chloride Injection",
                    "drug_entity": "Treatment",
                    "resolved_drug": "sodium chloride injection",
                    "intervention_type": "3",
                    "rxnorm_code": "1807545",
                    "associated_details": {
                        "dosage": "",
                        "form": "",
                        "route": "",
                        "strength": "0.9%",
                        "frequency": "",
                        "duration": "",
                        "disposition": "",
                        "relativedate": "",
                        "administration": "",
                        "cyclelength": ""
                    }
                }
            }
        ]
    },
    {},
    {},
    {
        "6 6": [
            {
                "pedtrace-4 injectable solution": {
                    "raw_sentence": "IV Solution Stabilizer (fixed volume for 24-hour and 48-hour infusion)",
                    "raw_drug": "IV Solution Stabilizer",
                    "drug_entity": "Treatment",
                    "resolved_drug": "pedtrace-4 injectable solution",
                    "intervention_type": "6",
                    "rxnorm_code": "362949",
                    "associated_details": {
                        "dosage": "",
                        "form": "",
                        "route": "",
                        "strength": "",
                        "frequency": "",
                        "duration": "",
                        "disposition": "",
                        "relativedate": "",
                        "administration": "",
                        "cyclelength": ""
                    }
                }
            }
        ]
    },
    {
        "7 7": [
            {
                "pedtrace-4 injectable solution": {
                    "raw_sentence": "IV Solution Stabilizer (fixed volume for 24-hour and 48-hour infusion)",
                    "raw_drug": "IV Solution Stabilizer",
                    "drug_entity": "Treatment",
                    "resolved_drug": "pedtrace-4 injectable solution",
                    "intervention_type": "7",
                    "rxnorm_code": "362949",
                    "associated_details": {
                        "dosage": "",
                        "form": "",
                        "route": "",
                        "strength": "",
                        "frequency": "",
                        "duration": "",
                        "disposition": "",
                        "relativedate": "",
                        "administration": "",
                        "cyclelength": ""
                    }
                }
            }
        ]
    },
    {
        "8 8": [
            {
                "pedtrace-4 injectable solution": {
                    "raw_sentence": "IV Solution Stabilizer (fixed volume for 24-hour and 48-hour infusion)",
                    "raw_drug": "IV Solution Stabilizer",
                    "drug_entity": "Treatment",
                    "resolved_drug": "pedtrace-4 injectable solution",
                    "intervention_type": "8",
                    "rxnorm_code": "362949",
                    "associated_details": {
                        "dosage": "",
                        "form": "",
                        "route": "",
                        "strength": "",
                        "frequency": "",
                        "duration": "",
                        "disposition": "",
                        "relativedate": "",
                        "administration": "",
                        "cyclelength": ""
                    }
                }
            }
        ]
    },
    {
        "9 9": [
            {
                "pedtrace-4 injectable solution": {
                    "raw_sentence": "IV Solution Stabilizer (fixed volume for 24-hour and 48-hour infusion)",
                    "raw_drug": "IV Solution Stabilizer",
                    "drug_entity": "Treatment",
                    "resolved_drug": "pedtrace-4 injectable solution",
                    "intervention_type": "9",
                    "rxnorm_code": "362949",
                    "associated_details": {
                        "dosage": "",
                        "form": "",
                        "route": "",
                        "strength": "",
                        "frequency": "",
                        "duration": "",
                        "disposition": "",
                        "relativedate": "",
                        "administration": "",
                        "cyclelength": ""
                    }
                }
            }
        ]
    },
    {},
    {},
    {},
    {},
    {},
    {},
    {},
    {},
    {},
    {},
    {},
    {},
    {},
    {},
    {},
    {},
    {},
    {},
    {},
    {},
    {},
    {},
    {},
    {},
    {},
    {},
    {},
    {},
    {},
    {},
    {},
    {},
    {},
    {},
    {},
    {},
    {},
    {},
    {},
    {},
    {},
    {},
    {},
    {},
    {},
    {},
    {},
    {},
    {},
    {},
    {},
    {},
    {},
    {},
    {},
    {},
    {},
    {},
    {},
    {},
    {},
    {},
    {},
    {},
    {},
    {},
    {},
    {},
    {},
    {},
    {},
    {},
    {},
    {},
    {},
    {},
    {},
    {},
    {},
    {},
    {},
    {},
    {},
    {},
    {},
    {},
    {},
    {},
    {},
    {},
    {},
    {},
    {},
    {},
    {},
    {},
    {},
    {},
    {},
    {},
    {},
    {},
    {},
    {},
    {},
    {},
    {},
    {},
    {},
    {},
    {},
    {},
    {},
    {},
    {},
    {},
    {},
    {},
    {},
    {},
    {},
    {},
    {},
    {},
    {},
    {},
    {},
    {},
    {},
    {},
    {},
    {},
    {},
    {},
    {},
    {},
    {},
    {},
    {},
    {},
    {},
    {},
    {},
    {},
    {},
    {},
    {},
    {},
    {},
    {},
    {},
    {},
    {},
    {},
    {},
    {},
    {},
    {},
    {},
    {},
    {},
    {},
    {},
    {},
    {},
    {},
    {},
    {},
    {},
    {},
    {},
    {},
    {},
    {},
    {},
    {},
    {},
    {},
    {},
    {},
    {},
    {},
    {},
    {},
    {},
    {},
    {},
    {},
    {},
    {},
    {},
    {},
    {},
    {},
    {},
    {},
    {},
    {},
    {},
    {},
    {},
    {},
    {},
    {},
    {},
    {},
    {},
    {},
    {},
    {},
    {},
    {},
    {},
    {},
    {},
    {},
    {},
    {},
    {},
    {},
    {},
    {},
    {},
    {},
    {},
    {},
    {},
    {},
    {},
    {},
    {},
    {},
    {},
    {},
    {},
    {},
    {},
    {},
    {},
    {},
    {},
    {},
    {},
    {},
    {},
    {},
    {},
    {},
    {},
    {},
    {},
    {},
    {},
    {},
    {},
    {},
    {},
    {},
    {},
    {},
    {},
    {},
    {},
    {},
    {},
    {},
    {},
    {},
    {},
    {},
    {},
    {},
    {},
    {},
    {},
    {},
    {},
    {},
    {},
    {},
    {},
    {},
    {},
    {},
    {},
    {},
    {},
    {},
    {},
    {},
    {},
    {},
    {},
    {},
    {},
    {},
    {},
    {},
    {},
    {},
    {},
    {}
]