[
    {
        "0 0": [
            {
                "brevibloc": {
                    "raw_sentence": "Reconstituted BLINCYTO Vial",
                    "raw_drug": "BLINCYTO Vial",
                    "drug_entity": "Treatment",
                    "resolved_drug": "brevibloc",
                    "intervention_type": "0",
                    "rxnorm_code": "151448",
                    "associated_details": {
                        "dosage": "",
                        "form": "",
                        "route": "",
                        "strength": "",
                        "frequency": "",
                        "duration": "",
                        "disposition": "",
                        "relativedate": "",
                        "administration": "",
                        "cyclelength": ""
                    }
                }
            }
        ]
    },
    {},
    {},
    {
        "3 3": [
            {
                "robitussin dm sugar free": {
                    "raw_sentence": "Prepared BLINCYTO Infusion Bag (Preservative-free)",
                    "raw_drug": "BLINCYTO Infusion Bag (Preservative-free)",
                    "drug_entity": "Treatment",
                    "resolved_drug": "robitussin dm sugar free",
                    "intervention_type": "3",
                    "rxnorm_code": "827250",
                    "associated_details": {
                        "dosage": "",
                        "form": "",
                        "route": "",
                        "strength": "",
                        "frequency": "",
                        "duration": "",
                        "disposition": "",
                        "relativedate": "",
                        "administration": "",
                        "cyclelength": ""
                    }
                }
            }
        ]
    },
    {
        "4 4": [
            {
                "injection": {
                    "raw_sentence": "48 hoursStorage time includes infusion time",
                    "raw_drug": "infusion",
                    "drug_entity": "Treatment",
                    "resolved_drug": "injection",
                    "intervention_type": "4",
                    "rxnorm_code": "1649574",
                    "associated_details": {
                        "dosage": "",
                        "form": "",
                        "route": "",
                        "strength": "",
                        "frequency": "",
                        "duration": "",
                        "disposition": "",
                        "relativedate": "",
                        "administration": "",
                        "cyclelength": ""
                    }
                }
            },
            {
                "bebulin injectable product": {
                    "raw_sentence": "If the prepared BLINCYTO infusion bag is not administered within the time frames and temperatures indicated, it must be discarded",
                    "raw_drug": "the prepared BLINCYTO infusion bag",
                    "drug_entity": "Treatment",
                    "resolved_drug": "bebulin injectable product",
                    "intervention_type": "4",
                    "rxnorm_code": "1169354",
                    "associated_details": {
                        "dosage": "",
                        "form": "",
                        "route": "",
                        "strength": "",
                        "frequency": "",
                        "duration": "",
                        "disposition": "",
                        "relativedate": "",
                        "administration": "",
                        "cyclelength": ""
                    }
                }
            }
        ]
    },
    {},
    {
        "6 6": [
            {
                "ipratropium bromide": {
                    "raw_sentence": "Prepared BLINCYTO Infusion Bag (with Preservative)",
                    "raw_drug": "BLINCYTO Infusion Bag",
                    "drug_entity": "Treatment",
                    "resolved_drug": "ipratropium bromide",
                    "intervention_type": "6",
                    "rxnorm_code": "203212",
                    "associated_details": {
                        "dosage": "",
                        "form": "",
                        "route": "",
                        "strength": "",
                        "frequency": "",
                        "duration": "",
                        "disposition": "Muscarinic receptor antagonist|Antimuscarinic",
                        "relativedate": "",
                        "administration": "",
                        "cyclelength": ""
                    }
                }
            }
        ]
    },
    {},
    {}
]