[
    {},
    {},
    {
        "2 2": [
            {
                "bucalsep": {
                    "raw_sentence": "Interrupt BLINCYTO.Administer dexamethasone 8 mg every 8 hours intravenously or orally for up to 3 days and taper thereafter over 4 days.When CRS is resolved, restart BLINCYTO at 9 mcg/day, and escalate to 28 mcg/day after 7 days if the adverse reaction does not recur.",
                    "raw_drug": "BLINCYTO",
                    "drug_entity": "Drug",
                    "resolved_drug": "bucalsep",
                    "intervention_type": "2",
                    "rxnorm_code": "1304967",
                    "associated_details": {
                        "dosage": "taper",
                        "form": "",
                        "route": "",
                        "strength": "8 mg",
                        "frequency": "every 8 hours",
                        "duration": "",
                        "disposition": "",
                        "relativedate": "",
                        "administration": "intravenously",
                        "cyclelength": "for up to 3 days"
                    }
                }
            }
        ]
    },
    {
        "3 3": [
            {
                "bucalsep": {
                    "raw_sentence": "Interrupt BLINCYTO.Administer dexamethasone 5 mg/m2 (maximum 8 mg) every 8 hours intravenously or orally for up to 3 days and taper thereafter over 4 days.When CRS is resolved, restart BLINCYTO at 5 mcg/m2/day, and escalate to 15 mcg/m2/day after 7 days if the adverse reaction does not recur.",
                    "raw_drug": "BLINCYTO",
                    "drug_entity": "Drug",
                    "resolved_drug": "bucalsep",
                    "intervention_type": "3",
                    "rxnorm_code": "1304967",
                    "associated_details": {
                        "dosage": "taper",
                        "form": "",
                        "route": "",
                        "strength": "5 mg/m2",
                        "frequency": "every 8 hours",
                        "duration": "",
                        "disposition": "",
                        "relativedate": "",
                        "administration": "intravenously",
                        "cyclelength": "for up to 3 days"
                    }
                }
            }
        ]
    },
    {},
    {
        "5 5": [
            {
                "bucalsep": {
                    "raw_sentence": "Discontinue BLINCYTO permanently",
                    "raw_drug": "BLINCYTO",
                    "drug_entity": "Drug",
                    "resolved_drug": "bucalsep",
                    "intervention_type": "5",
                    "rxnorm_code": "1304967",
                    "associated_details": {
                        "dosage": "",
                        "form": "",
                        "route": "",
                        "strength": "",
                        "frequency": "",
                        "duration": "",
                        "disposition": "",
                        "relativedate": "",
                        "administration": "",
                        "cyclelength": ""
                    }
                }
            },
            {
                "dexamethasone": {
                    "raw_sentence": "Administer dexamethasone as instructed for Grade 3 CRS.",
                    "raw_drug": "dexamethasone",
                    "drug_entity": "Drug",
                    "resolved_drug": "dexamethasone",
                    "intervention_type": "5",
                    "rxnorm_code": "3264",
                    "associated_details": {
                        "dosage": "",
                        "form": "",
                        "route": "",
                        "strength": "",
                        "frequency": "",
                        "duration": "",
                        "disposition": "Immunomodulator",
                        "relativedate": "",
                        "administration": "",
                        "cyclelength": ""
                    }
                }
            }
        ]
    },
    {
        "6 6": [
            {
                "bucalsep": {
                    "raw_sentence": "Discontinue BLINCYTO permanently",
                    "raw_drug": "BLINCYTO",
                    "drug_entity": "Drug",
                    "resolved_drug": "bucalsep",
                    "intervention_type": "6",
                    "rxnorm_code": "1304967",
                    "associated_details": {
                        "dosage": "",
                        "form": "",
                        "route": "",
                        "strength": "",
                        "frequency": "",
                        "duration": "",
                        "disposition": "",
                        "relativedate": "",
                        "administration": "",
                        "cyclelength": ""
                    }
                }
            },
            {
                "dexamethasone": {
                    "raw_sentence": "Administer dexamethasone as instructed for Grade 3 CRS.",
                    "raw_drug": "dexamethasone",
                    "drug_entity": "Drug",
                    "resolved_drug": "dexamethasone",
                    "intervention_type": "6",
                    "rxnorm_code": "3264",
                    "associated_details": {
                        "dosage": "",
                        "form": "",
                        "route": "",
                        "strength": "",
                        "frequency": "",
                        "duration": "",
                        "disposition": "Immunomodulator",
                        "relativedate": "",
                        "administration": "",
                        "cyclelength": ""
                    }
                }
            }
        ]
    },
    {},
    {},
    {
        "9 9": [
            {
                "bucalsep": {
                    "raw_sentence": "Discontinue BLINCYTO permanently if more than one seizure occurs.",
                    "raw_drug": "BLINCYTO",
                    "drug_entity": "Drug",
                    "resolved_drug": "bucalsep",
                    "intervention_type": "9",
                    "rxnorm_code": "1304967",
                    "associated_details": {
                        "dosage": "",
                        "form": "",
                        "route": "",
                        "strength": "",
                        "frequency": "",
                        "duration": "",
                        "disposition": "",
                        "relativedate": "",
                        "administration": "",
                        "cyclelength": ""
                    }
                }
            }
        ]
    },
    {
        "10 10": [
            {
                "bucalsep": {
                    "raw_sentence": "Discontinue BLINCYTO permanently if more than one seizure occurs.",
                    "raw_drug": "BLINCYTO",
                    "drug_entity": "Drug",
                    "resolved_drug": "bucalsep",
                    "intervention_type": "10",
                    "rxnorm_code": "1304967",
                    "associated_details": {
                        "dosage": "",
                        "form": "",
                        "route": "",
                        "strength": "",
                        "frequency": "",
                        "duration": "",
                        "disposition": "",
                        "relativedate": "",
                        "administration": "",
                        "cyclelength": ""
                    }
                }
            }
        ]
    },
    {},
    {
        "12 12": [
            {
                "bucalsep": {
                    "raw_sentence": "(mild) and for at least 3 days, then restart BLINCYTO at 9 mcg/day",
                    "raw_drug": "BLINCYTO",
                    "drug_entity": "Drug",
                    "resolved_drug": "bucalsep",
                    "intervention_type": "12",
                    "rxnorm_code": "1304967",
                    "associated_details": {
                        "dosage": "",
                        "form": "",
                        "route": "",
                        "strength": "28 mcg/day",
                        "frequency": "",
                        "duration": "",
                        "disposition": "",
                        "relativedate": "",
                        "administration": "",
                        "cyclelength": "7 days"
                    }
                }
            },
            {
                "bucalsep": {
                    "raw_sentence": "If the adverse reaction occurred at 9 mcg/day, or if the adverse reaction takes more than 7 days to resolve, discontinue BLINCYTO permanently.",
                    "raw_drug": "BLINCYTO",
                    "drug_entity": "Drug",
                    "resolved_drug": "bucalsep",
                    "intervention_type": "12",
                    "rxnorm_code": "1304967",
                    "associated_details": {
                        "dosage": "",
                        "form": "",
                        "route": "",
                        "strength": "9 mcg/day",
                        "frequency": "",
                        "duration": "",
                        "disposition": "",
                        "relativedate": "",
                        "administration": "",
                        "cyclelength": ""
                    }
                }
            }
        ]
    },
    {
        "13 13": [
            {
                "bucalsep": {
                    "raw_sentence": "(mild) and for at least 3 days, then restart BLINCYTO at 5 mcg/m2/day",
                    "raw_drug": "BLINCYTO",
                    "drug_entity": "Drug",
                    "resolved_drug": "bucalsep",
                    "intervention_type": "13",
                    "rxnorm_code": "1304967",
                    "associated_details": {
                        "dosage": "",
                        "form": "",
                        "route": "",
                        "strength": "15 mcg/m2/day",
                        "frequency": "",
                        "duration": "",
                        "disposition": "",
                        "relativedate": "",
                        "administration": "",
                        "cyclelength": "7 days"
                    }
                }
            },
            {
                "bucalsep": {
                    "raw_sentence": "If the adverse reaction occurred at 5 mcg/m2/day, or if the adverse reaction takes more than 7 days to resolve, discontinue BLINCYTO permanently.",
                    "raw_drug": "BLINCYTO",
                    "drug_entity": "Drug",
                    "resolved_drug": "bucalsep",
                    "intervention_type": "13",
                    "rxnorm_code": "1304967",
                    "associated_details": {
                        "dosage": "",
                        "form": "",
                        "route": "",
                        "strength": "5 mcg/m2/day",
                        "frequency": "",
                        "duration": "",
                        "disposition": "",
                        "relativedate": "",
                        "administration": "",
                        "cyclelength": ""
                    }
                }
            }
        ]
    },
    {},
    {
        "15 15": [
            {
                "bucalsep": {
                    "raw_sentence": "Discontinue BLINCYTO permanently.",
                    "raw_drug": "BLINCYTO",
                    "drug_entity": "Drug",
                    "resolved_drug": "bucalsep",
                    "intervention_type": "15",
                    "rxnorm_code": "1304967",
                    "associated_details": {
                        "dosage": "",
                        "form": "",
                        "route": "",
                        "strength": "",
                        "frequency": "",
                        "duration": "",
                        "disposition": "",
                        "relativedate": "",
                        "administration": "",
                        "cyclelength": ""
                    }
                }
            }
        ]
    },
    {
        "16 16": [
            {
                "bucalsep": {
                    "raw_sentence": "Discontinue BLINCYTO permanently.",
                    "raw_drug": "BLINCYTO",
                    "drug_entity": "Drug",
                    "resolved_drug": "bucalsep",
                    "intervention_type": "16",
                    "rxnorm_code": "1304967",
                    "associated_details": {
                        "dosage": "",
                        "form": "",
                        "route": "",
                        "strength": "",
                        "frequency": "",
                        "duration": "",
                        "disposition": "",
                        "relativedate": "",
                        "administration": "",
                        "cyclelength": ""
                    }
                }
            }
        ]
    },
    {},
    {},
    {
        "19 19": [
            {
                "bucalsep": {
                    "raw_sentence": "(mild), then restart BLINCYTO at 9 mcg/day",
                    "raw_drug": "BLINCYTO",
                    "drug_entity": "Drug",
                    "resolved_drug": "bucalsep",
                    "intervention_type": "19",
                    "rxnorm_code": "1304967",
                    "associated_details": {
                        "dosage": "",
                        "form": "",
                        "route": "",
                        "strength": "28 mcg/day",
                        "frequency": "",
                        "duration": "",
                        "disposition": "",
                        "relativedate": "",
                        "administration": "",
                        "cyclelength": "7 days"
                    }
                }
            },
            {
                "bucalsep": {
                    "raw_sentence": "If the adverse reaction takes more than 14 days to resolve, discontinue BLINCYTO permanently.",
                    "raw_drug": "BLINCYTO",
                    "drug_entity": "Drug",
                    "resolved_drug": "bucalsep",
                    "intervention_type": "19",
                    "rxnorm_code": "1304967",
                    "associated_details": {
                        "dosage": "",
                        "form": "",
                        "route": "",
                        "strength": "",
                        "frequency": "",
                        "duration": "",
                        "disposition": "",
                        "relativedate": "",
                        "administration": "",
                        "cyclelength": ""
                    }
                }
            }
        ]
    },
    {
        "20 20": [
            {
                "bucalsep": {
                    "raw_sentence": "(mild), then restart BLINCYTO at 5 mcg/m2/day",
                    "raw_drug": "BLINCYTO",
                    "drug_entity": "Drug",
                    "resolved_drug": "bucalsep",
                    "intervention_type": "20",
                    "rxnorm_code": "1304967",
                    "associated_details": {
                        "dosage": "",
                        "form": "",
                        "route": "",
                        "strength": "15 mcg/m2/day",
                        "frequency": "",
                        "duration": "",
                        "disposition": "",
                        "relativedate": "",
                        "administration": "",
                        "cyclelength": "7 days"
                    }
                }
            },
            {
                "bucalsep": {
                    "raw_sentence": "If the adverse reaction takes more than 14 days to resolve, discontinue BLINCYTO permanently.",
                    "raw_drug": "BLINCYTO",
                    "drug_entity": "Drug",
                    "resolved_drug": "bucalsep",
                    "intervention_type": "20",
                    "rxnorm_code": "1304967",
                    "associated_details": {
                        "dosage": "",
                        "form": "",
                        "route": "",
                        "strength": "",
                        "frequency": "",
                        "duration": "",
                        "disposition": "",
                        "relativedate": "",
                        "administration": "",
                        "cyclelength": ""
                    }
                }
            }
        ]
    },
    {},
    {
        "22 22": [
            {
                "bucalsep": {
                    "raw_sentence": "Consider discontinuing BLINCYTO permanently.",
                    "raw_drug": "BLINCYTO",
                    "drug_entity": "Drug",
                    "resolved_drug": "bucalsep",
                    "intervention_type": "22",
                    "rxnorm_code": "1304967",
                    "associated_details": {
                        "dosage": "",
                        "form": "",
                        "route": "",
                        "strength": "",
                        "frequency": "",
                        "duration": "",
                        "disposition": "",
                        "relativedate": "",
                        "administration": "",
                        "cyclelength": ""
                    }
                }
            }
        ]
    },
    {
        "23 23": [
            {
                "bucalsep": {
                    "raw_sentence": "Consider discontinuing BLINCYTO permanently.",
                    "raw_drug": "BLINCYTO",
                    "drug_entity": "Drug",
                    "resolved_drug": "bucalsep",
                    "intervention_type": "23",
                    "rxnorm_code": "1304967",
                    "associated_details": {
                        "dosage": "",
                        "form": "",
                        "route": "",
                        "strength": "",
                        "frequency": "",
                        "duration": "",
                        "disposition": "",
                        "relativedate": "",
                        "administration": "",
                        "cyclelength": ""
                    }
                }
            }
        ]
    }
]