[
    {},
    {},
    {},
    {},
    {},
    {},
    {},
    {},
    {},
    {},
    {},
    {},
    {},
    {},
    {},
    {},
    {},
    {
        "17 17": [
            {
                "calcionate": {
                    "raw_sentence": "Consolidation Cycles 3-5",
                    "raw_drug": "Consolidation Cycles",
                    "drug_entity": "Treatment",
                    "resolved_drug": "calcionate",
                    "intervention_type": "17",
                    "rxnorm_code": "215824",
                    "associated_details": {
                        "dosage": "",
                        "form": "",
                        "route": "",
                        "strength": "",
                        "frequency": "",
                        "duration": "",
                        "disposition": "",
                        "relativedate": "",
                        "administration": "",
                        "cyclelength": ""
                    }
                }
            }
        ]
    },
    {},
    {},
    {},
    {},
    {},
    {},
    {
        "24 24": [
            {
                "dhc continus": {
                    "raw_sentence": "Continued Therapy Cycles 6-9",
                    "raw_drug": "Continued Therapy Cycles",
                    "drug_entity": "Treatment",
                    "resolved_drug": "dhc continus",
                    "intervention_type": "24",
                    "rxnorm_code": "151614",
                    "associated_details": {
                        "dosage": "",
                        "form": "",
                        "route": "",
                        "strength": "",
                        "frequency": "",
                        "duration": "",
                        "disposition": "",
                        "relativedate": "",
                        "administration": "",
                        "cyclelength": ""
                    }
                }
            }
        ]
    },
    {},
    {},
    {},
    {},
    {},
    {}
]