[
    {},
    {},
    {},
    {},
    {},
    {
        "5 5": [
            {
                "dailyhist": {
                    "raw_sentence": "if stable, may increase dose by 5 mg twice daily.or no more than 5 mg twice daily less than the dose which resulted in dose interruption",
                    "raw_drug": "daily.or",
                    "drug_entity": "Treatment",
                    "resolved_drug": "dailyhist",
                    "intervention_type": "5",
                    "rxnorm_code": "216356",
                    "associated_details": {
                        "dosage": "",
                        "form": "",
                        "route": "",
                        "strength": "5 mg",
                        "frequency": "twice",
                        "duration": "",
                        "disposition": "",
                        "relativedate": "",
                        "administration": "",
                        "cyclelength": "for at least 2 weeks"
                    }
                }
            }
        ]
    },
    {},
    {
        "7 7": [
            {
                "dailyhist": {
                    "raw_sentence": "10 mg twice dailyor no more than 5 mg twice daily less than the dose which resulted in dose interruption",
                    "raw_drug": "dailyor",
                    "drug_entity": "Treatment",
                    "resolved_drug": "dailyhist",
                    "intervention_type": "7",
                    "rxnorm_code": "216356",
                    "associated_details": {
                        "dosage": "",
                        "form": "",
                        "route": "",
                        "strength": "5 mg",
                        "frequency": "twice daily",
                        "duration": "",
                        "disposition": "",
                        "relativedate": "",
                        "administration": "",
                        "cyclelength": ""
                    }
                }
            }
        ]
    },
    {},
    {
        "9 9": [
            {
                "dailyhist": {
                    "raw_sentence": "15 mg twice dailyor no more than 5 mg twice daily less than the dose which resulted in dose interruption",
                    "raw_drug": "dailyor",
                    "drug_entity": "Treatment",
                    "resolved_drug": "dailyhist",
                    "intervention_type": "9",
                    "rxnorm_code": "216356",
                    "associated_details": {
                        "dosage": "",
                        "form": "",
                        "route": "",
                        "strength": "5 mg",
                        "frequency": "twice daily",
                        "duration": "",
                        "disposition": "",
                        "relativedate": "",
                        "administration": "",
                        "cyclelength": ""
                    }
                }
            }
        ]
    }
]