[
    {
        "0 0": [
            {
                "isoflupredone acetate": {
                    "raw_sentence": "For patients coadministered strong CYP3A4 inhibitors or fluconazole doses of less than or equal to 200 mg",
                    "raw_drug": "strong CYP3A4 inhibitors",
                    "drug_entity": "Treatment",
                    "resolved_drug": "isoflupredone acetate",
                    "intervention_type": "0",
                    "rxnorm_code": "1364586",
                    "associated_details": {
                        "dosage": "",
                        "form": "",
                        "route": "",
                        "strength": "",
                        "frequency": "",
                        "duration": "",
                        "disposition": "",
                        "relativedate": "",
                        "administration": "",
                        "cyclelength": ""
                    }
                }
            },
            {
                "fluconazole": {
                    "raw_sentence": "For patients coadministered strong CYP3A4 inhibitors or fluconazole doses of less than or equal to 200 mg",
                    "raw_drug": "fluconazole doses",
                    "drug_entity": "Treatment",
                    "resolved_drug": "fluconazole",
                    "intervention_type": "0",
                    "rxnorm_code": "4450",
                    "associated_details": {
                        "dosage": "",
                        "form": "",
                        "route": "",
                        "strength": "200 mg",
                        "frequency": "",
                        "duration": "",
                        "disposition": "Antifungal",
                        "relativedate": "",
                        "administration": "",
                        "cyclelength": ""
                    }
                }
            }
        ]
    },
    {},
    {},
    {},
    {},
    {},
    {},
    {},
    {},
    {},
    {},
    {},
    {},
    {},
    {},
    {
        "15 15": [
            {
                "fluconazole": {
                    "raw_sentence": "Avoid strong CYP3A4 inhibitor or fluconazole treatment or interrupt Jakafi treatment for the duration of strong CYP3A4 inhibitor or fluconazole use",
                    "raw_drug": "fluconazole",
                    "drug_entity": "Drug",
                    "resolved_drug": "fluconazole",
                    "intervention_type": "15",
                    "rxnorm_code": "4450",
                    "associated_details": {
                        "dosage": "",
                        "form": "",
                        "route": "",
                        "strength": "",
                        "frequency": "",
                        "duration": "",
                        "disposition": "Antifungal",
                        "relativedate": "",
                        "administration": "",
                        "cyclelength": ""
                    }
                }
            }
        ]
    },
    {},
    {
        "17 17": [
            {
                "ketoconazole": {
                    "raw_sentence": "Ketoconazole",
                    "raw_drug": "Ketoconazole",
                    "drug_entity": "Drug",
                    "resolved_drug": "ketoconazole",
                    "intervention_type": "17",
                    "rxnorm_code": "6135",
                    "associated_details": {
                        "dosage": "",
                        "form": "",
                        "route": "",
                        "strength": "",
                        "frequency": "",
                        "duration": "",
                        "disposition": "Antifungal",
                        "relativedate": "",
                        "administration": "",
                        "cyclelength": ""
                    }
                }
            }
        ]
    },
    {},
    {
        "19 19": [
            {
                "jakafi": {
                    "raw_sentence": "Other CYP3A4 inhibitors With coadministration of itraconazole, monitor blood counts more frequently for toxicity and adjust the dose of Jakafi if necessary.",
                    "raw_drug": "Jakafi",
                    "drug_entity": "Drug",
                    "resolved_drug": "jakafi",
                    "intervention_type": "19",
                    "rxnorm_code": "1193332",
                    "associated_details": {
                        "dosage": "",
                        "form": "",
                        "route": "",
                        "strength": "",
                        "frequency": "",
                        "duration": "",
                        "disposition": "",
                        "relativedate": "",
                        "administration": "",
                        "cyclelength": ""
                    }
                }
            }
        ]
    },
    {}
]