[
    {},
    {
        "1 1": [
            {
                "tisagenlecleucel injection [kymriah]": {
                    "raw_sentence": "Maximum Dose When Restarting Jakafi TreatmentMaximum doses are displayed",
                    "raw_drug": "Jakafi TreatmentMaximum doses",
                    "drug_entity": "Treatment",
                    "resolved_drug": "tisagenlecleucel injection [kymriah]",
                    "intervention_type": "1",
                    "rxnorm_code": "1986445",
                    "associated_details": {
                        "dosage": "",
                        "form": "",
                        "route": "",
                        "strength": "5 mg",
                        "frequency": "twice daily",
                        "duration": "",
                        "disposition": "",
                        "relativedate": "",
                        "administration": "",
                        "cyclelength": ""
                    }
                }
            }
        ]
    },
    {},
    {},
    {},
    {},
    {},
    {},
    {},
    {},
    {},
    {}
]