[
    {},
    {},
    {
        "2 2": [
            {
                "respivent": {
                    "raw_sentence": "Clinically significant thrombocytopenia after supportive measures",
                    "raw_drug": "supportive measures",
                    "drug_entity": "Treatment",
                    "resolved_drug": "respivent",
                    "intervention_type": "2",
                    "rxnorm_code": "1307160",
                    "associated_details": {
                        "dosage": "",
                        "form": "",
                        "route": "",
                        "strength": "",
                        "frequency": "",
                        "duration": "",
                        "disposition": "",
                        "relativedate": "",
                        "administration": "",
                        "cyclelength": ""
                    }
                }
            }
        ]
    },
    {
        "3 3": [
            {
                "platet": {
                    "raw_sentence": "When platelets recover to previous values, dosing may return to prior dose level.",
                    "raw_drug": "platelets",
                    "drug_entity": "Treatment",
                    "resolved_drug": "platet",
                    "intervention_type": "3",
                    "rxnorm_code": "385748",
                    "associated_details": {
                        "dosage": "1 dose level",
                        "form": "",
                        "route": "",
                        "strength": "",
                        "frequency": "",
                        "duration": "",
                        "disposition": "Carcinogen|Toxin",
                        "relativedate": "",
                        "administration": "",
                        "cyclelength": ""
                    }
                }
            },
            {
                "formulation r": {
                    "raw_sentence": "When platelets recover to previous values, dosing may return to prior dose level.",
                    "raw_drug": "dosing",
                    "drug_entity": "Treatment",
                    "resolved_drug": "formulation r",
                    "intervention_type": "3",
                    "rxnorm_code": "217195",
                    "associated_details": {
                        "dosage": "",
                        "form": "",
                        "route": "",
                        "strength": "",
                        "frequency": "",
                        "duration": "",
                        "disposition": "",
                        "relativedate": "",
                        "administration": "",
                        "cyclelength": ""
                    }
                }
            }
        ]
    },
    {
        "4 4": [
            {
                "jakafi": {
                    "raw_sentence": "ANC less than 1 X 109/L considered related to Jakafi",
                    "raw_drug": "Jakafi",
                    "drug_entity": "Drug",
                    "resolved_drug": "jakafi",
                    "intervention_type": "4",
                    "rxnorm_code": "1193332",
                    "associated_details": {
                        "dosage": "",
                        "form": "",
                        "route": "",
                        "strength": "",
                        "frequency": "",
                        "duration": "",
                        "disposition": "",
                        "relativedate": "",
                        "administration": "",
                        "cyclelength": ""
                    }
                }
            }
        ]
    },
    {
        "5 5": [
            {
                "jakafi": {
                    "raw_sentence": "Hold Jakafi for up to 14 days",
                    "raw_drug": "Jakafi",
                    "drug_entity": "Drug",
                    "resolved_drug": "jakafi",
                    "intervention_type": "5",
                    "rxnorm_code": "1193332",
                    "associated_details": {
                        "dosage": "",
                        "form": "",
                        "route": "",
                        "strength": "",
                        "frequency": "",
                        "duration": "",
                        "disposition": "",
                        "relativedate": "",
                        "administration": "",
                        "cyclelength": "for up to 14 days"
                    }
                }
            }
        ]
    },
    {},
    {
        "7 7": [
            {
                "jakafi": {
                    "raw_sentence": "Continue Jakafi at 1 dose level lower until recovery",
                    "raw_drug": "Jakafi",
                    "drug_entity": "Drug",
                    "resolved_drug": "jakafi",
                    "intervention_type": "7",
                    "rxnorm_code": "1193332",
                    "associated_details": {
                        "dosage": "1 dose level",
                        "form": "",
                        "route": "",
                        "strength": "",
                        "frequency": "",
                        "duration": "",
                        "disposition": "",
                        "relativedate": "",
                        "administration": "",
                        "cyclelength": ""
                    }
                }
            },
            {
                "jakafi": {
                    "raw_sentence": "Hold Jakafi for up to 14 days until bilirubin \u2264 1.5 \u00d7 ULN",
                    "raw_drug": "Jakafi",
                    "drug_entity": "Drug",
                    "resolved_drug": "jakafi",
                    "intervention_type": "7",
                    "rxnorm_code": "1193332",
                    "associated_details": {
                        "dosage": "",
                        "form": "",
                        "route": "",
                        "strength": "",
                        "frequency": "",
                        "duration": "",
                        "disposition": "",
                        "relativedate": "",
                        "administration": "",
                        "cyclelength": "for up to 14 days"
                    }
                }
            },
            {
                "jakafi": {
                    "raw_sentence": "Hold Jakafi for up to 14 days until bilirubin \u2264 1.5 \u00d7 ULN",
                    "raw_drug": "Jakafi",
                    "drug_entity": "Drug",
                    "resolved_drug": "jakafi",
                    "intervention_type": "7",
                    "rxnorm_code": "1193332",
                    "associated_details": {
                        "dosage": "",
                        "form": "",
                        "route": "",
                        "strength": "",
                        "frequency": "",
                        "duration": "",
                        "disposition": "",
                        "relativedate": "",
                        "administration": "",
                        "cyclelength": "for up to 14 days"
                    }
                }
            }
        ]
    },
    {},
    {
        "9 9": [
            {
                "jakafi": {
                    "raw_sentence": "Continue Jakafi at 1 dose level lower until recovery.",
                    "raw_drug": "Jakafi",
                    "drug_entity": "Drug",
                    "resolved_drug": "jakafi",
                    "intervention_type": "9",
                    "rxnorm_code": "1193332",
                    "associated_details": {
                        "dosage": "1 dose level",
                        "form": "",
                        "route": "",
                        "strength": "",
                        "frequency": "",
                        "duration": "",
                        "disposition": "",
                        "relativedate": "",
                        "administration": "",
                        "cyclelength": ""
                    }
                }
            }
        ]
    }
]