[
    {},
    {},
    {},
    {
        "3 3": [
            {
                "timentin injectable product": {
                    "raw_sentence": "Interrupt dosing.",
                    "raw_drug": "Interrupt dosing",
                    "drug_entity": "Treatment",
                    "resolved_drug": "timentin injectable product",
                    "intervention_type": "3",
                    "rxnorm_code": "1178525",
                    "associated_details": {
                        "dosage": "",
                        "form": "",
                        "route": "",
                        "strength": "",
                        "frequency": "",
                        "duration": "",
                        "disposition": "",
                        "relativedate": "",
                        "administration": "",
                        "cyclelength": ""
                    }
                }
            }
        ]
    },
    {},
    {},
    {},
    {}
]