[
    {},
    {},
    {},
    {},
    {},
    {
        "5 5": [
            {
                "minidiab": {
                    "raw_sentence": "Dose reductions should be considered with the goal of avoiding dose interruptions for anemia and thrombocytopenia.",
                    "raw_drug": "Dose reductions",
                    "drug_entity": "Treatment",
                    "resolved_drug": "minidiab",
                    "intervention_type": "5",
                    "rxnorm_code": "203679",
                    "associated_details": {
                        "dosage": "",
                        "form": "",
                        "route": "",
                        "strength": "",
                        "frequency": "",
                        "duration": "",
                        "disposition": "",
                        "relativedate": "",
                        "administration": "",
                        "cyclelength": ""
                    }
                }
            }
        ]
    },
    {},
    {},
    {},
    {
        "9 9": [
            {
                "timentin injectable product": {
                    "raw_sentence": "Interrupt dosing.",
                    "raw_drug": "Interrupt dosing",
                    "drug_entity": "Treatment",
                    "resolved_drug": "timentin injectable product",
                    "intervention_type": "9",
                    "rxnorm_code": "1178525",
                    "associated_details": {
                        "dosage": "",
                        "form": "",
                        "route": "",
                        "strength": "",
                        "frequency": "",
                        "duration": "",
                        "disposition": "",
                        "relativedate": "",
                        "administration": "",
                        "cyclelength": ""
                    }
                }
            }
        ]
    }
]