[
    {},
    {},
    {},
    {},
    {},
    {
        "5 5": [
            {
                "besylate": {
                    "raw_sentence": "No dose modification needed",
                    "raw_drug": "dose modification",
                    "drug_entity": "Treatment",
                    "resolved_drug": "besylate",
                    "intervention_type": "5",
                    "rxnorm_code": "540734",
                    "associated_details": {
                        "dosage": "",
                        "form": "",
                        "route": "",
                        "strength": "",
                        "frequency": "",
                        "duration": "",
                        "disposition": "",
                        "relativedate": "",
                        "administration": "",
                        "cyclelength": ""
                    }
                }
            }
        ]
    },
    {},
    {},
    {},
    {},
    {},
    {},
    {},
    {},
    {},
    {},
    {},
    {},
    {},
    {},
    {
        "20 20": [
            {
                "besylate": {
                    "raw_sentence": "No dose modification needed",
                    "raw_drug": "dose modification",
                    "drug_entity": "Treatment",
                    "resolved_drug": "besylate",
                    "intervention_type": "20",
                    "rxnorm_code": "540734",
                    "associated_details": {
                        "dosage": "",
                        "form": "",
                        "route": "",
                        "strength": "",
                        "frequency": "",
                        "duration": "",
                        "disposition": "",
                        "relativedate": "",
                        "administration": "",
                        "cyclelength": ""
                    }
                }
            }
        ]
    },
    {},
    {},
    {}
]