[
    {},
    {},
    {},
    {},
    {},
    {},
    {},
    {},
    {
        "8 8": [
            {
                "besylate": {
                    "raw_sentence": "No dose modification needed",
                    "raw_drug": "dose modification",
                    "drug_entity": "Treatment",
                    "resolved_drug": "besylate",
                    "intervention_type": "8",
                    "rxnorm_code": "540734",
                    "associated_details": {
                        "dosage": "",
                        "form": "",
                        "route": "",
                        "strength": "",
                        "frequency": "",
                        "duration": "",
                        "disposition": "",
                        "relativedate": "",
                        "administration": "",
                        "cyclelength": ""
                    }
                }
            }
        ]
    },
    {},
    {},
    {},
    {},
    {},
    {},
    {},
    {},
    {},
    {
        "18 18": [
            {
                "dialysis solutions": {
                    "raw_sentence": "ESRD (CLcr less than 15 mL/min) on dialysis",
                    "raw_drug": "dialysis",
                    "drug_entity": "Treatment",
                    "resolved_drug": "dialysis solutions",
                    "intervention_type": "18",
                    "rxnorm_code": "3310",
                    "associated_details": {
                        "dosage": "",
                        "form": "",
                        "route": "",
                        "strength": "",
                        "frequency": "",
                        "duration": "",
                        "disposition": "",
                        "relativedate": "",
                        "administration": "",
                        "cyclelength": ""
                    }
                }
            }
        ]
    },
    {},
    {},
    {
        "21 21": [
            {
                "dialysis solutions": {
                    "raw_sentence": "ESRD (CLcr less than 15 mL/min) on dialysis",
                    "raw_drug": "dialysis",
                    "drug_entity": "Treatment",
                    "resolved_drug": "dialysis solutions",
                    "intervention_type": "21",
                    "rxnorm_code": "3310",
                    "associated_details": {
                        "dosage": "",
                        "form": "",
                        "route": "",
                        "strength": "",
                        "frequency": "",
                        "duration": "",
                        "disposition": "",
                        "relativedate": "",
                        "administration": "",
                        "cyclelength": ""
                    }
                }
            }
        ]
    },
    {},
    {
        "23 23": [
            {
                "dialysis solutions": {
                    "raw_sentence": "20 mg once after dialysis session",
                    "raw_drug": "dialysis session",
                    "drug_entity": "Treatment",
                    "resolved_drug": "dialysis solutions",
                    "intervention_type": "23",
                    "rxnorm_code": "3310",
                    "associated_details": {
                        "dosage": "",
                        "form": "",
                        "route": "",
                        "strength": "20 mg",
                        "frequency": "once",
                        "duration": "",
                        "disposition": "",
                        "relativedate": "",
                        "administration": "",
                        "cyclelength": ""
                    }
                }
            }
        ]
    },
    {
        "24 24": [
            {
                "poldine": {
                    "raw_sentence": "Patients with PV",
                    "raw_drug": "PV",
                    "drug_entity": "Treatment",
                    "resolved_drug": "poldine",
                    "intervention_type": "24",
                    "rxnorm_code": "33926",
                    "associated_details": {
                        "dosage": "",
                        "form": "",
                        "route": "",
                        "strength": "",
                        "frequency": "",
                        "duration": "",
                        "disposition": "Hydrolase|Transferase|Muscarinic receptor antagonist|Antimuscarinic|Lyase",
                        "relativedate": "",
                        "administration": "",
                        "cyclelength": ""
                    }
                }
            }
        ]
    },
    {
        "25 25": [
            {
                "poldine": {
                    "raw_sentence": "Patients with PV",
                    "raw_drug": "PV",
                    "drug_entity": "Treatment",
                    "resolved_drug": "poldine",
                    "intervention_type": "25",
                    "rxnorm_code": "33926",
                    "associated_details": {
                        "dosage": "",
                        "form": "",
                        "route": "",
                        "strength": "",
                        "frequency": "",
                        "duration": "",
                        "disposition": "Hydrolase|Transferase|Muscarinic receptor antagonist|Antimuscarinic|Lyase",
                        "relativedate": "",
                        "administration": "",
                        "cyclelength": ""
                    }
                }
            }
        ]
    },
    {
        "26 26": [
            {
                "poldine": {
                    "raw_sentence": "Patients with PV",
                    "raw_drug": "PV",
                    "drug_entity": "Treatment",
                    "resolved_drug": "poldine",
                    "intervention_type": "26",
                    "rxnorm_code": "33926",
                    "associated_details": {
                        "dosage": "",
                        "form": "",
                        "route": "",
                        "strength": "",
                        "frequency": "",
                        "duration": "",
                        "disposition": "Hydrolase|Transferase|Muscarinic receptor antagonist|Antimuscarinic|Lyase",
                        "relativedate": "",
                        "administration": "",
                        "cyclelength": ""
                    }
                }
            }
        ]
    },
    {},
    {},
    {},
    {
        "30 30": [
            {
                "dialysis solutions": {
                    "raw_sentence": "ESRD (CLcr less than 15 mL/min) on dialysis",
                    "raw_drug": "dialysis",
                    "drug_entity": "Treatment",
                    "resolved_drug": "dialysis solutions",
                    "intervention_type": "30",
                    "rxnorm_code": "3310",
                    "associated_details": {
                        "dosage": "",
                        "form": "",
                        "route": "",
                        "strength": "",
                        "frequency": "",
                        "duration": "",
                        "disposition": "",
                        "relativedate": "",
                        "administration": "",
                        "cyclelength": ""
                    }
                }
            }
        ]
    },
    {},
    {},
    {},
    {},
    {},
    {},
    {},
    {},
    {
        "39 39": [
            {
                "dialysis solutions": {
                    "raw_sentence": "ESRD (CLcr less than 15 mL/min) on dialysis",
                    "raw_drug": "dialysis",
                    "drug_entity": "Treatment",
                    "resolved_drug": "dialysis solutions",
                    "intervention_type": "39",
                    "rxnorm_code": "3310",
                    "associated_details": {
                        "dosage": "",
                        "form": "",
                        "route": "",
                        "strength": "",
                        "frequency": "",
                        "duration": "",
                        "disposition": "",
                        "relativedate": "",
                        "administration": "",
                        "cyclelength": ""
                    }
                }
            }
        ]
    },
    {},
    {}
]