[
    {
        "0 0": [
            {
                "axitinib": {
                    "raw_sentence": "KEYTRUDA in combination with axitinib",
                    "raw_drug": "axitinib",
                    "drug_entity": "Drug",
                    "resolved_drug": "axitinib",
                    "intervention_type": "0",
                    "rxnorm_code": "1242999",
                    "associated_details": {
                        "dosage": "",
                        "form": "",
                        "route": "",
                        "strength": "",
                        "frequency": "",
                        "duration": "",
                        "disposition": "Protein-tyrosine kinase inhibitor|Vascular endothelial growth factor receptor antagonist|VEGF antagonist|Angiogenesis inhibitor",
                        "relativedate": "",
                        "administration": "",
                        "cyclelength": ""
                    }
                }
            }
        ]
    },
    {
        "1 1": [
            {
                "liver extract": {
                    "raw_sentence": "Liver enzyme elevationsConsider corticosteroid therapy",
                    "raw_drug": "Liver enzyme",
                    "drug_entity": "Treatment",
                    "resolved_drug": "liver extract",
                    "intervention_type": "1",
                    "rxnorm_code": "6459",
                    "associated_details": {
                        "dosage": "",
                        "form": "",
                        "route": "",
                        "strength": "",
                        "frequency": "",
                        "duration": "",
                        "disposition": "",
                        "relativedate": "",
                        "administration": "",
                        "cyclelength": ""
                    }
                }
            },
            {
                "prednisolone acetate": {
                    "raw_sentence": "Liver enzyme elevationsConsider corticosteroid therapy",
                    "raw_drug": "corticosteroid therapy",
                    "drug_entity": "Treatment",
                    "resolved_drug": "prednisolone acetate",
                    "intervention_type": "1",
                    "rxnorm_code": "34372",
                    "associated_details": {
                        "dosage": "",
                        "form": "",
                        "route": "",
                        "strength": "",
                        "frequency": "",
                        "duration": "",
                        "disposition": "Immunomodulator",
                        "relativedate": "",
                        "administration": "",
                        "cyclelength": ""
                    }
                }
            }
        ]
    },
    {},
    {
        "3 3": [
            {
                "daklinza": {
                    "raw_sentence": "Withhold both KEYTRUDA and axitinib until resolution to Grades 0 or 1Based on Common Terminology Criteria for Adverse Events (CTCAE), version 4.0",
                    "raw_drug": "KEYTRUDA",
                    "drug_entity": "Drug",
                    "resolved_drug": "daklinza",
                    "intervention_type": "3",
                    "rxnorm_code": "1660186",
                    "associated_details": {
                        "dosage": "",
                        "form": "",
                        "route": "",
                        "strength": "",
                        "frequency": "",
                        "duration": "",
                        "disposition": "",
                        "relativedate": "",
                        "administration": "",
                        "cyclelength": ""
                    }
                }
            },
            {
                "axitinib": {
                    "raw_sentence": "Withhold both KEYTRUDA and axitinib until resolution to Grades 0 or 1Based on Common Terminology Criteria for Adverse Events (CTCAE), version 4.0",
                    "raw_drug": "axitinib",
                    "drug_entity": "Drug",
                    "resolved_drug": "axitinib",
                    "intervention_type": "3",
                    "rxnorm_code": "1242999",
                    "associated_details": {
                        "dosage": "",
                        "form": "",
                        "route": "",
                        "strength": "",
                        "frequency": "",
                        "duration": "",
                        "disposition": "Protein-tyrosine kinase inhibitor|Vascular endothelial growth factor receptor antagonist|VEGF antagonist|Angiogenesis inhibitor",
                        "relativedate": "",
                        "administration": "",
                        "cyclelength": ""
                    }
                }
            },
            {
                "axitinib": {
                    "raw_sentence": "If rechallenging with axitinib, consider dose reduction as per the axitinib Prescribing Information.",
                    "raw_drug": "axitinib",
                    "drug_entity": "Drug",
                    "resolved_drug": "axitinib",
                    "intervention_type": "3",
                    "rxnorm_code": "1242999",
                    "associated_details": {
                        "dosage": "",
                        "form": "",
                        "route": "",
                        "strength": "",
                        "frequency": "",
                        "duration": "",
                        "disposition": "Protein-tyrosine kinase inhibitor|Vascular endothelial growth factor receptor antagonist|VEGF antagonist|Angiogenesis inhibitor",
                        "relativedate": "",
                        "administration": "",
                        "cyclelength": ""
                    }
                }
            },
            {
                "axitinib": {
                    "raw_sentence": "If rechallenging with axitinib, consider dose reduction as per the axitinib Prescribing Information.",
                    "raw_drug": "axitinib",
                    "drug_entity": "Drug",
                    "resolved_drug": "axitinib",
                    "intervention_type": "3",
                    "rxnorm_code": "1242999",
                    "associated_details": {
                        "dosage": "",
                        "form": "",
                        "route": "",
                        "strength": "",
                        "frequency": "",
                        "duration": "",
                        "disposition": "Protein-tyrosine kinase inhibitor|Vascular endothelial growth factor receptor antagonist|VEGF antagonist|Angiogenesis inhibitor",
                        "relativedate": "",
                        "administration": "",
                        "cyclelength": ""
                    }
                }
            }
        ]
    },
    {
        "4 4": [
            {
                "axitinib": {
                    "raw_sentence": "KEYTRUDA in combination with axitinib",
                    "raw_drug": "axitinib",
                    "drug_entity": "Drug",
                    "resolved_drug": "axitinib",
                    "intervention_type": "4",
                    "rxnorm_code": "1242999",
                    "associated_details": {
                        "dosage": "",
                        "form": "",
                        "route": "",
                        "strength": "",
                        "frequency": "",
                        "duration": "",
                        "disposition": "Protein-tyrosine kinase inhibitor|Vascular endothelial growth factor receptor antagonist|VEGF antagonist|Angiogenesis inhibitor",
                        "relativedate": "",
                        "administration": "",
                        "cyclelength": ""
                    }
                }
            }
        ]
    },
    {
        "5 5": [
            {
                "liver extract": {
                    "raw_sentence": "Liver enzyme elevationsConsider corticosteroid therapy",
                    "raw_drug": "Liver enzyme",
                    "drug_entity": "Treatment",
                    "resolved_drug": "liver extract",
                    "intervention_type": "5",
                    "rxnorm_code": "6459",
                    "associated_details": {
                        "dosage": "",
                        "form": "",
                        "route": "",
                        "strength": "",
                        "frequency": "",
                        "duration": "",
                        "disposition": "",
                        "relativedate": "",
                        "administration": "",
                        "cyclelength": ""
                    }
                }
            },
            {
                "prednisolone acetate": {
                    "raw_sentence": "Liver enzyme elevationsConsider corticosteroid therapy",
                    "raw_drug": "corticosteroid therapy",
                    "drug_entity": "Treatment",
                    "resolved_drug": "prednisolone acetate",
                    "intervention_type": "5",
                    "rxnorm_code": "34372",
                    "associated_details": {
                        "dosage": "",
                        "form": "",
                        "route": "",
                        "strength": "",
                        "frequency": "",
                        "duration": "",
                        "disposition": "Immunomodulator",
                        "relativedate": "",
                        "administration": "",
                        "cyclelength": ""
                    }
                }
            }
        ]
    },
    {},
    {
        "7 7": [
            {
                "daklinza": {
                    "raw_sentence": "Permanently discontinue both KEYTRUDA and axitinib",
                    "raw_drug": "KEYTRUDA",
                    "drug_entity": "Drug",
                    "resolved_drug": "daklinza",
                    "intervention_type": "7",
                    "rxnorm_code": "1660186",
                    "associated_details": {
                        "dosage": "",
                        "form": "",
                        "route": "",
                        "strength": "",
                        "frequency": "",
                        "duration": "",
                        "disposition": "",
                        "relativedate": "",
                        "administration": "",
                        "cyclelength": ""
                    }
                }
            },
            {
                "axitinib": {
                    "raw_sentence": "Permanently discontinue both KEYTRUDA and axitinib",
                    "raw_drug": "axitinib",
                    "drug_entity": "Drug",
                    "resolved_drug": "axitinib",
                    "intervention_type": "7",
                    "rxnorm_code": "1242999",
                    "associated_details": {
                        "dosage": "",
                        "form": "",
                        "route": "",
                        "strength": "",
                        "frequency": "",
                        "duration": "",
                        "disposition": "Protein-tyrosine kinase inhibitor|Vascular endothelial growth factor receptor antagonist|VEGF antagonist|Angiogenesis inhibitor",
                        "relativedate": "",
                        "administration": "",
                        "cyclelength": ""
                    }
                }
            }
        ]
    },
    {},
    {},
    {}
]