[
    {
        "0 0": [
            {
                "serevent": {
                    "raw_sentence": "Immune-Mediated Adverse Reactions [see Warnings and Precautions (5.1)]",
                    "raw_drug": "Precautions",
                    "drug_entity": "Treatment",
                    "resolved_drug": "serevent",
                    "intervention_type": "0",
                    "rxnorm_code": "203159",
                    "associated_details": {
                        "dosage": "",
                        "form": "",
                        "route": "",
                        "strength": "",
                        "frequency": "",
                        "duration": "",
                        "disposition": "",
                        "relativedate": "",
                        "administration": "",
                        "cyclelength": ""
                    }
                }
            }
        ]
    },
    {
        "1 1": [
            {
                "serevent": {
                    "raw_sentence": "Immune-Mediated Adverse Reactions [see Warnings and Precautions (5.1)]",
                    "raw_drug": "Precautions",
                    "drug_entity": "Treatment",
                    "resolved_drug": "serevent",
                    "intervention_type": "1",
                    "rxnorm_code": "203159",
                    "associated_details": {
                        "dosage": "",
                        "form": "",
                        "route": "",
                        "strength": "",
                        "frequency": "",
                        "duration": "",
                        "disposition": "",
                        "relativedate": "",
                        "administration": "",
                        "cyclelength": ""
                    }
                }
            }
        ]
    },
    {
        "2 2": [
            {
                "serevent": {
                    "raw_sentence": "Immune-Mediated Adverse Reactions [see Warnings and Precautions (5.1)]",
                    "raw_drug": "Precautions",
                    "drug_entity": "Treatment",
                    "resolved_drug": "serevent",
                    "intervention_type": "2",
                    "rxnorm_code": "203159",
                    "associated_details": {
                        "dosage": "",
                        "form": "",
                        "route": "",
                        "strength": "",
                        "frequency": "",
                        "duration": "",
                        "disposition": "",
                        "relativedate": "",
                        "administration": "",
                        "cyclelength": ""
                    }
                }
            }
        ]
    },
    {},
    {},
    {
        "5 5": [
            {
                "prednisolone": {
                    "raw_sentence": "Permanently discontinue if no complete or partial resolution within 12 weeks of initiating steroids or inability to reduce prednisone to 10 mg per day or less (or equivalent) within 12 weeks of initiating steroids.",
                    "raw_drug": "steroids",
                    "drug_entity": "Drug",
                    "resolved_drug": "prednisolone",
                    "intervention_type": "5",
                    "rxnorm_code": "8638",
                    "associated_details": {
                        "dosage": "",
                        "form": "",
                        "route": "",
                        "strength": "10 mg",
                        "frequency": "per day",
                        "duration": "",
                        "disposition": "Immunomodulator",
                        "relativedate": "",
                        "administration": "",
                        "cyclelength": ""
                    }
                }
            },
            {
                "prednisone": {
                    "raw_sentence": "Permanently discontinue if no complete or partial resolution within 12 weeks of initiating steroids or inability to reduce prednisone to 10 mg per day or less (or equivalent) within 12 weeks of initiating steroids.",
                    "raw_drug": "prednisone",
                    "drug_entity": "Drug",
                    "resolved_drug": "prednisone",
                    "intervention_type": "5",
                    "rxnorm_code": "8640",
                    "associated_details": {
                        "dosage": "",
                        "form": "",
                        "route": "",
                        "strength": "10 mg",
                        "frequency": "per day",
                        "duration": "",
                        "disposition": "Immunomodulator",
                        "relativedate": "",
                        "administration": "",
                        "cyclelength": ""
                    }
                }
            },
            {
                "prednisolone": {
                    "raw_sentence": "Permanently discontinue if no complete or partial resolution within 12 weeks of initiating steroids or inability to reduce prednisone to 10 mg per day or less (or equivalent) within 12 weeks of initiating steroids.",
                    "raw_drug": "steroids",
                    "drug_entity": "Drug",
                    "resolved_drug": "prednisolone",
                    "intervention_type": "5",
                    "rxnorm_code": "8638",
                    "associated_details": {
                        "dosage": "",
                        "form": "",
                        "route": "",
                        "strength": "10 mg",
                        "frequency": "per day",
                        "duration": "",
                        "disposition": "Immunomodulator",
                        "relativedate": "",
                        "administration": "",
                        "cyclelength": ""
                    }
                }
            }
        ]
    },
    {},
    {},
    {},
    {},
    {},
    {},
    {},
    {},
    {},
    {},
    {},
    {},
    {
        "18 18": [
            {
                "axitinib": {
                    "raw_sentence": "For liver enzyme elevations in patients treated with combination therapy with axitinib, see Table 3.",
                    "raw_drug": "axitinib",
                    "drug_entity": "Drug",
                    "resolved_drug": "axitinib",
                    "intervention_type": "18",
                    "rxnorm_code": "1242999",
                    "associated_details": {
                        "dosage": "",
                        "form": "",
                        "route": "",
                        "strength": "",
                        "frequency": "",
                        "duration": "",
                        "disposition": "Protein-tyrosine kinase inhibitor|Vascular endothelial growth factor receptor antagonist|VEGF antagonist|Angiogenesis inhibitor",
                        "relativedate": "",
                        "administration": "",
                        "cyclelength": ""
                    }
                }
            }
        ]
    },
    {},
    {},
    {
        "21 21": [
            {
                "daklinza": {
                    "raw_sentence": "Hepatitis with tumor involvement of the liverIf AST and ALT are less than or equal to ULN at baseline, withhold or permanently discontinue KEYTRUDA based on recommendations for hepatitis with no liver involvement.",
                    "raw_drug": "KEYTRUDA",
                    "drug_entity": "Drug",
                    "resolved_drug": "daklinza",
                    "intervention_type": "21",
                    "rxnorm_code": "1660186",
                    "associated_details": {
                        "dosage": "",
                        "form": "",
                        "route": "",
                        "strength": "",
                        "frequency": "",
                        "duration": "",
                        "disposition": "",
                        "relativedate": "",
                        "administration": "",
                        "cyclelength": ""
                    }
                }
            }
        ]
    },
    {},
    {},
    {
        "24 24": [
            {
                "daklinza": {
                    "raw_sentence": "Hepatitis with tumor involvement of the liverIf AST and ALT are less than or equal to ULN at baseline, withhold or permanently discontinue KEYTRUDA based on recommendations for hepatitis with no liver involvement.",
                    "raw_drug": "KEYTRUDA",
                    "drug_entity": "Drug",
                    "resolved_drug": "daklinza",
                    "intervention_type": "24",
                    "rxnorm_code": "1660186",
                    "associated_details": {
                        "dosage": "",
                        "form": "",
                        "route": "",
                        "strength": "",
                        "frequency": "",
                        "duration": "",
                        "disposition": "",
                        "relativedate": "",
                        "administration": "",
                        "cyclelength": ""
                    }
                }
            }
        ]
    },
    {},
    {},
    {},
    {},
    {},
    {},
    {},
    {},
    {},
    {},
    {},
    {},
    {},
    {},
    {},
    {},
    {},
    {},
    {},
    {},
    {},
    {},
    {},
    {},
    {},
    {},
    {},
    {},
    {},
    {},
    {},
    {},
    {
        "57 57": [
            {
                "defend ii": {
                    "raw_sentence": "Infusion-related reactions [see Warnings and Precautions (5.2)]",
                    "raw_drug": "Warnings",
                    "drug_entity": "Treatment",
                    "resolved_drug": "defend ii",
                    "intervention_type": "57",
                    "rxnorm_code": "1114410",
                    "associated_details": {
                        "dosage": "",
                        "form": "",
                        "route": "",
                        "strength": "",
                        "frequency": "",
                        "duration": "",
                        "disposition": "",
                        "relativedate": "",
                        "administration": "",
                        "cyclelength": ""
                    }
                }
            },
            {
                "serevent": {
                    "raw_sentence": "Infusion-related reactions [see Warnings and Precautions (5.2)]",
                    "raw_drug": "Precautions",
                    "drug_entity": "Treatment",
                    "resolved_drug": "serevent",
                    "intervention_type": "57",
                    "rxnorm_code": "203159",
                    "associated_details": {
                        "dosage": "",
                        "form": "",
                        "route": "",
                        "strength": "",
                        "frequency": "",
                        "duration": "",
                        "disposition": "",
                        "relativedate": "",
                        "administration": "",
                        "cyclelength": ""
                    }
                }
            }
        ]
    },
    {},
    {
        "59 59": [
            {
                "injection": {
                    "raw_sentence": "Interrupt or slow the rate of infusion",
                    "raw_drug": "infusion",
                    "drug_entity": "Treatment",
                    "resolved_drug": "injection",
                    "intervention_type": "59",
                    "rxnorm_code": "1649574",
                    "associated_details": {
                        "dosage": "",
                        "form": "",
                        "route": "",
                        "strength": "",
                        "frequency": "",
                        "duration": "",
                        "disposition": "",
                        "relativedate": "",
                        "administration": "",
                        "cyclelength": ""
                    }
                }
            }
        ]
    },
    {
        "60 60": [
            {
                "defend ii": {
                    "raw_sentence": "Infusion-related reactions [see Warnings and Precautions (5.2)]",
                    "raw_drug": "Warnings",
                    "drug_entity": "Treatment",
                    "resolved_drug": "defend ii",
                    "intervention_type": "60",
                    "rxnorm_code": "1114410",
                    "associated_details": {
                        "dosage": "",
                        "form": "",
                        "route": "",
                        "strength": "",
                        "frequency": "",
                        "duration": "",
                        "disposition": "",
                        "relativedate": "",
                        "administration": "",
                        "cyclelength": ""
                    }
                }
            },
            {
                "serevent": {
                    "raw_sentence": "Infusion-related reactions [see Warnings and Precautions (5.2)]",
                    "raw_drug": "Precautions",
                    "drug_entity": "Treatment",
                    "resolved_drug": "serevent",
                    "intervention_type": "60",
                    "rxnorm_code": "203159",
                    "associated_details": {
                        "dosage": "",
                        "form": "",
                        "route": "",
                        "strength": "",
                        "frequency": "",
                        "duration": "",
                        "disposition": "",
                        "relativedate": "",
                        "administration": "",
                        "cyclelength": ""
                    }
                }
            }
        ]
    },
    {},
    {},
    {},
    {},
    {}
]