[
    {
        "0 0": [
            {
                "singlet": {
                    "raw_sentence": "Monotherapy",
                    "raw_drug": "Monotherapy",
                    "drug_entity": "Drug",
                    "resolved_drug": "singlet",
                    "intervention_type": "0",
                    "rxnorm_code": "1359163",
                    "associated_details": {
                        "dosage": "",
                        "form": "",
                        "route": "",
                        "strength": "",
                        "frequency": "",
                        "duration": "",
                        "disposition": "",
                        "relativedate": "",
                        "administration": "",
                        "cyclelength": ""
                    }
                }
            }
        ]
    },
    {},
    {
        "2 2": [
            {
                "leucovorin 30 mg": {
                    "raw_sentence": "200 mg every 3 weeks30-minute intravenous infusion or 400 mg every 6 weeks",
                    "raw_drug": "weeks30-minute intravenous infusion",
                    "drug_entity": "Treatment",
                    "resolved_drug": "leucovorin 30 mg",
                    "intervention_type": "2",
                    "rxnorm_code": "440753",
                    "associated_details": {
                        "dosage": "",
                        "form": "",
                        "route": "",
                        "strength": "400 mg",
                        "frequency": "every 6 weeks",
                        "duration": "",
                        "disposition": "",
                        "relativedate": "",
                        "administration": "",
                        "cyclelength": ""
                    }
                }
            }
        ]
    },
    {},
    {
        "4 4": [
            {
                "klaricid adult oral product": {
                    "raw_sentence": "Adjuvant treatment of adult patients with melanoma",
                    "raw_drug": "Adjuvant treatment of adult patients",
                    "drug_entity": "Treatment",
                    "resolved_drug": "klaricid adult oral product",
                    "intervention_type": "4",
                    "rxnorm_code": "1171409",
                    "associated_details": {
                        "dosage": "",
                        "form": "",
                        "route": "",
                        "strength": "",
                        "frequency": "",
                        "duration": "",
                        "disposition": "",
                        "relativedate": "",
                        "administration": "",
                        "cyclelength": ""
                    }
                }
            }
        ]
    },
    {},
    {},
    {},
    {},
    {},
    {
        "10 10": [
            {
                "procanbid": {
                    "raw_sentence": "Adult patients with high-risk BCG- unresponsive NMIBC",
                    "raw_drug": "high-risk BCG",
                    "drug_entity": "Treatment",
                    "resolved_drug": "procanbid",
                    "intervention_type": "10",
                    "rxnorm_code": "219421",
                    "associated_details": {
                        "dosage": "",
                        "form": "",
                        "route": "",
                        "strength": "",
                        "frequency": "",
                        "duration": "",
                        "disposition": "",
                        "relativedate": "",
                        "administration": "",
                        "cyclelength": ""
                    }
                }
            }
        ]
    },
    {},
    {},
    {},
    {},
    {},
    {
        "16 16": [
            {
                "daklinza": {
                    "raw_sentence": "Combination TherapyRefer to the Prescribing Information for the agents administered in combination with KEYTRUDA for recommended dosing information, as appropriate.",
                    "raw_drug": "KEYTRUDA",
                    "drug_entity": "Drug",
                    "resolved_drug": "daklinza",
                    "intervention_type": "16",
                    "rxnorm_code": "1660186",
                    "associated_details": {
                        "dosage": "",
                        "form": "",
                        "route": "",
                        "strength": "",
                        "frequency": "",
                        "duration": "",
                        "disposition": "",
                        "relativedate": "",
                        "administration": "",
                        "cyclelength": ""
                    }
                }
            }
        ]
    },
    {},
    {
        "18 18": [
            {
                "daklinza": {
                    "raw_sentence": "200 mg every 3 weeks or 400 mg every 6 weeks Administer KEYTRUDA prior to chemotherapy when given on the same day.",
                    "raw_drug": "KEYTRUDA",
                    "drug_entity": "Drug",
                    "resolved_drug": "daklinza",
                    "intervention_type": "18",
                    "rxnorm_code": "1660186",
                    "associated_details": {
                        "dosage": "",
                        "form": "",
                        "route": "",
                        "strength": "400 mg",
                        "frequency": "every 3 weeks",
                        "duration": "",
                        "disposition": "",
                        "relativedate": "",
                        "administration": "",
                        "cyclelength": ""
                    }
                }
            },
            {
                "chemdec": {
                    "raw_sentence": "200 mg every 3 weeks or 400 mg every 6 weeks Administer KEYTRUDA prior to chemotherapy when given on the same day.",
                    "raw_drug": "chemotherapy",
                    "drug_entity": "Drug",
                    "resolved_drug": "chemdec",
                    "intervention_type": "18",
                    "rxnorm_code": "215982",
                    "associated_details": {
                        "dosage": "",
                        "form": "",
                        "route": "",
                        "strength": "",
                        "frequency": "every 6 weeks",
                        "duration": "",
                        "disposition": "",
                        "relativedate": "",
                        "administration": "",
                        "cyclelength": ""
                    }
                }
            }
        ]
    },
    {},
    {},
    {
        "21 21": [
            {
                "daklinza": {
                    "raw_sentence": "200 mg every 3 weeks or 400 mg every 6 weeks Administer KEYTRUDA prior to trastuzumab and chemotherapy when given on the same day.",
                    "raw_drug": "KEYTRUDA",
                    "drug_entity": "Drug",
                    "resolved_drug": "daklinza",
                    "intervention_type": "21",
                    "rxnorm_code": "1660186",
                    "associated_details": {
                        "dosage": "",
                        "form": "",
                        "route": "",
                        "strength": "400 mg",
                        "frequency": "every 3 weeks",
                        "duration": "",
                        "disposition": "",
                        "relativedate": "",
                        "administration": "",
                        "cyclelength": ""
                    }
                }
            },
            {
                "trastuzumab": {
                    "raw_sentence": "200 mg every 3 weeks or 400 mg every 6 weeks Administer KEYTRUDA prior to trastuzumab and chemotherapy when given on the same day.",
                    "raw_drug": "trastuzumab",
                    "drug_entity": "Drug",
                    "resolved_drug": "trastuzumab",
                    "intervention_type": "21",
                    "rxnorm_code": "224905",
                    "associated_details": {
                        "dosage": "",
                        "form": "",
                        "route": "",
                        "strength": "",
                        "frequency": "every 6 weeks",
                        "duration": "",
                        "disposition": "HER2 (Human epidermal growth factor receptor 2) inhibitor|Immunomodulator|Murine-human monoclonal immunoglobulin G antibody|Human epidermal growth factor receptor 2 inhibitor",
                        "relativedate": "",
                        "administration": "",
                        "cyclelength": ""
                    }
                }
            },
            {
                "chemdec": {
                    "raw_sentence": "200 mg every 3 weeks or 400 mg every 6 weeks Administer KEYTRUDA prior to trastuzumab and chemotherapy when given on the same day.",
                    "raw_drug": "chemotherapy",
                    "drug_entity": "Drug",
                    "resolved_drug": "chemdec",
                    "intervention_type": "21",
                    "rxnorm_code": "215982",
                    "associated_details": {
                        "dosage": "",
                        "form": "",
                        "route": "",
                        "strength": "",
                        "frequency": "every 6 weeks",
                        "duration": "",
                        "disposition": "",
                        "relativedate": "",
                        "administration": "",
                        "cyclelength": ""
                    }
                }
            }
        ]
    },
    {},
    {},
    {
        "24 24": [
            {
                "daklinza": {
                    "raw_sentence": "200 mg every 3 weeks or 400 mg every 6 weeks Administer KEYTRUDA in combination with axitinib 5 mg orally twice daily.When axitinib is used in combination with KEYTRUDA, dose escalation of axitinib above the initial 5 mg dose may be considered at intervals of six weeks or longer.",
                    "raw_drug": "KEYTRUDA",
                    "drug_entity": "Drug",
                    "resolved_drug": "daklinza",
                    "intervention_type": "24",
                    "rxnorm_code": "1660186",
                    "associated_details": {
                        "dosage": "",
                        "form": "",
                        "route": "",
                        "strength": "5 mg",
                        "frequency": "every 6 weeks",
                        "duration": "",
                        "disposition": "",
                        "relativedate": "",
                        "administration": "orally",
                        "cyclelength": ""
                    }
                }
            },
            {
                "axitinib": {
                    "raw_sentence": "200 mg every 3 weeks or 400 mg every 6 weeks Administer KEYTRUDA in combination with axitinib 5 mg orally twice daily.When axitinib is used in combination with KEYTRUDA, dose escalation of axitinib above the initial 5 mg dose may be considered at intervals of six weeks or longer.",
                    "raw_drug": "axitinib",
                    "drug_entity": "Drug",
                    "resolved_drug": "axitinib",
                    "intervention_type": "24",
                    "rxnorm_code": "1242999",
                    "associated_details": {
                        "dosage": "",
                        "form": "",
                        "route": "",
                        "strength": "5 mg",
                        "frequency": "every 6 weeks",
                        "duration": "",
                        "disposition": "Protein-tyrosine kinase inhibitor|Vascular endothelial growth factor receptor antagonist|VEGF antagonist|Angiogenesis inhibitor",
                        "relativedate": "",
                        "administration": "orally",
                        "cyclelength": ""
                    }
                }
            },
            {
                "daklinza": {
                    "raw_sentence": "200 mg every 3 weeks or 400 mg every 6 weeks Administer KEYTRUDA in combination with axitinib 5 mg orally twice daily.When axitinib is used in combination with KEYTRUDA, dose escalation of axitinib above the initial 5 mg dose may be considered at intervals of six weeks or longer.",
                    "raw_drug": "KEYTRUDA",
                    "drug_entity": "Drug",
                    "resolved_drug": "daklinza",
                    "intervention_type": "24",
                    "rxnorm_code": "1660186",
                    "associated_details": {
                        "dosage": "",
                        "form": "",
                        "route": "",
                        "strength": "",
                        "frequency": "",
                        "duration": "",
                        "disposition": "",
                        "relativedate": "",
                        "administration": "orally",
                        "cyclelength": ""
                    }
                }
            },
            {
                "axitinib": {
                    "raw_sentence": "200 mg every 3 weeks or 400 mg every 6 weeks Administer KEYTRUDA in combination with axitinib 5 mg orally twice daily.When axitinib is used in combination with KEYTRUDA, dose escalation of axitinib above the initial 5 mg dose may be considered at intervals of six weeks or longer.",
                    "raw_drug": "axitinib",
                    "drug_entity": "Drug",
                    "resolved_drug": "axitinib",
                    "intervention_type": "24",
                    "rxnorm_code": "1242999",
                    "associated_details": {
                        "dosage": "",
                        "form": "",
                        "route": "",
                        "strength": "5 mg",
                        "frequency": "",
                        "duration": "",
                        "disposition": "Protein-tyrosine kinase inhibitor|Vascular endothelial growth factor receptor antagonist|VEGF antagonist|Angiogenesis inhibitor",
                        "relativedate": "",
                        "administration": "orally",
                        "cyclelength": ""
                    }
                }
            }
        ]
    },
    {},
    {},
    {
        "27 27": [
            {
                "daklinza": {
                    "raw_sentence": "200 mg every 3 weeks or 400 mg every 6 weeks Administer KEYTRUDA in combination with lenvatinib 20 mg orally once daily.",
                    "raw_drug": "KEYTRUDA",
                    "drug_entity": "Drug",
                    "resolved_drug": "daklinza",
                    "intervention_type": "27",
                    "rxnorm_code": "1660186",
                    "associated_details": {
                        "dosage": "",
                        "form": "",
                        "route": "",
                        "strength": "20 mg",
                        "frequency": "once daily",
                        "duration": "",
                        "disposition": "",
                        "relativedate": "",
                        "administration": "orally",
                        "cyclelength": ""
                    }
                }
            },
            {
                "lenvatinib": {
                    "raw_sentence": "200 mg every 3 weeks or 400 mg every 6 weeks Administer KEYTRUDA in combination with lenvatinib 20 mg orally once daily.",
                    "raw_drug": "lenvatinib",
                    "drug_entity": "Drug",
                    "resolved_drug": "lenvatinib",
                    "intervention_type": "27",
                    "rxnorm_code": "1603296",
                    "associated_details": {
                        "dosage": "",
                        "form": "",
                        "route": "",
                        "strength": "20 mg",
                        "frequency": "once daily",
                        "duration": "",
                        "disposition": "Protein-tyrosine kinase inhibitor|Vascular endothelial growth factor receptor antagonist|VEGF antagonist",
                        "relativedate": "",
                        "administration": "orally",
                        "cyclelength": ""
                    }
                }
            }
        ]
    },
    {},
    {},
    {
        "30 30": [
            {
                "daklinza": {
                    "raw_sentence": "200 mg every 3 weeks or 400 mg every 6 weeks Administer KEYTRUDA prior to chemotherapy when given on the same day.",
                    "raw_drug": "KEYTRUDA",
                    "drug_entity": "Drug",
                    "resolved_drug": "daklinza",
                    "intervention_type": "30",
                    "rxnorm_code": "1660186",
                    "associated_details": {
                        "dosage": "",
                        "form": "",
                        "route": "",
                        "strength": "400 mg",
                        "frequency": "every 3 weeks",
                        "duration": "",
                        "disposition": "",
                        "relativedate": "",
                        "administration": "",
                        "cyclelength": ""
                    }
                }
            },
            {
                "chemdec": {
                    "raw_sentence": "200 mg every 3 weeks or 400 mg every 6 weeks Administer KEYTRUDA prior to chemotherapy when given on the same day.",
                    "raw_drug": "chemotherapy",
                    "drug_entity": "Drug",
                    "resolved_drug": "chemdec",
                    "intervention_type": "30",
                    "rxnorm_code": "215982",
                    "associated_details": {
                        "dosage": "",
                        "form": "",
                        "route": "",
                        "strength": "",
                        "frequency": "every 6 weeks",
                        "duration": "",
                        "disposition": "",
                        "relativedate": "",
                        "administration": "",
                        "cyclelength": ""
                    }
                }
            }
        ]
    },
    {
        "31 31": [
            {
                "chemdec": {
                    "raw_sentence": "Neoadjuvant treatment in combination with chemotherapy for 24 weeks (8 doses of 200 mg every 3 weeks or 4 doses of 400 mg every 6 weeks) or until disease progression or unacceptable toxicity, followed by adjuvant treatment with KEYTRUDA as a single agent for up to 27 weeks (9 doses of 200 mg every 3 weeks or 5 doses of 400 mg every 6 weeks) or until disease recurrence or unacceptable toxicity.Patients who experience disease progression or unacceptable toxicity related to KEYTRUDA with neoadjuvant treatment in combination with chemotherapy should not receive adjuvant single agent KEYTRUDA.",
                    "raw_drug": "chemotherapy",
                    "drug_entity": "Drug",
                    "resolved_drug": "chemdec",
                    "intervention_type": "31",
                    "rxnorm_code": "215982",
                    "associated_details": {
                        "dosage": "",
                        "form": "",
                        "route": "",
                        "strength": "400 mg",
                        "frequency": "every 6 weeks",
                        "duration": "",
                        "disposition": "",
                        "relativedate": "",
                        "administration": "",
                        "cyclelength": "for 24 weeks"
                    }
                }
            },
            {
                "daklinza": {
                    "raw_sentence": "Neoadjuvant treatment in combination with chemotherapy for 24 weeks (8 doses of 200 mg every 3 weeks or 4 doses of 400 mg every 6 weeks) or until disease progression or unacceptable toxicity, followed by adjuvant treatment with KEYTRUDA as a single agent for up to 27 weeks (9 doses of 200 mg every 3 weeks or 5 doses of 400 mg every 6 weeks) or until disease recurrence or unacceptable toxicity.Patients who experience disease progression or unacceptable toxicity related to KEYTRUDA with neoadjuvant treatment in combination with chemotherapy should not receive adjuvant single agent KEYTRUDA.",
                    "raw_drug": "KEYTRUDA",
                    "drug_entity": "Drug",
                    "resolved_drug": "daklinza",
                    "intervention_type": "31",
                    "rxnorm_code": "1660186",
                    "associated_details": {
                        "dosage": "",
                        "form": "",
                        "route": "",
                        "strength": "400 mg",
                        "frequency": "every 3 weeks",
                        "duration": "",
                        "disposition": "",
                        "relativedate": "",
                        "administration": "",
                        "cyclelength": ""
                    }
                }
            },
            {
                "daklinza": {
                    "raw_sentence": "Neoadjuvant treatment in combination with chemotherapy for 24 weeks (8 doses of 200 mg every 3 weeks or 4 doses of 400 mg every 6 weeks) or until disease progression or unacceptable toxicity, followed by adjuvant treatment with KEYTRUDA as a single agent for up to 27 weeks (9 doses of 200 mg every 3 weeks or 5 doses of 400 mg every 6 weeks) or until disease recurrence or unacceptable toxicity.Patients who experience disease progression or unacceptable toxicity related to KEYTRUDA with neoadjuvant treatment in combination with chemotherapy should not receive adjuvant single agent KEYTRUDA.",
                    "raw_drug": "KEYTRUDA",
                    "drug_entity": "Drug",
                    "resolved_drug": "daklinza",
                    "intervention_type": "31",
                    "rxnorm_code": "1660186",
                    "associated_details": {
                        "dosage": "",
                        "form": "",
                        "route": "",
                        "strength": "",
                        "frequency": "",
                        "duration": "",
                        "disposition": "",
                        "relativedate": "",
                        "administration": "",
                        "cyclelength": ""
                    }
                }
            },
            {
                "chemdec": {
                    "raw_sentence": "Neoadjuvant treatment in combination with chemotherapy for 24 weeks (8 doses of 200 mg every 3 weeks or 4 doses of 400 mg every 6 weeks) or until disease progression or unacceptable toxicity, followed by adjuvant treatment with KEYTRUDA as a single agent for up to 27 weeks (9 doses of 200 mg every 3 weeks or 5 doses of 400 mg every 6 weeks) or until disease recurrence or unacceptable toxicity.Patients who experience disease progression or unacceptable toxicity related to KEYTRUDA with neoadjuvant treatment in combination with chemotherapy should not receive adjuvant single agent KEYTRUDA.",
                    "raw_drug": "chemotherapy",
                    "drug_entity": "Drug",
                    "resolved_drug": "chemdec",
                    "intervention_type": "31",
                    "rxnorm_code": "215982",
                    "associated_details": {
                        "dosage": "",
                        "form": "",
                        "route": "",
                        "strength": "",
                        "frequency": "",
                        "duration": "",
                        "disposition": "",
                        "relativedate": "",
                        "administration": "",
                        "cyclelength": ""
                    }
                }
            }
        ]
    },
    {},
    {
        "33 33": [
            {
                "daklinza": {
                    "raw_sentence": "200 mg every 3 weeks or 400 mg every 6 weeks Administer KEYTRUDA prior to chemotherapy when given on the same day.",
                    "raw_drug": "KEYTRUDA",
                    "drug_entity": "Drug",
                    "resolved_drug": "daklinza",
                    "intervention_type": "33",
                    "rxnorm_code": "1660186",
                    "associated_details": {
                        "dosage": "",
                        "form": "",
                        "route": "",
                        "strength": "400 mg",
                        "frequency": "every 3 weeks",
                        "duration": "",
                        "disposition": "",
                        "relativedate": "",
                        "administration": "",
                        "cyclelength": ""
                    }
                }
            },
            {
                "chemdec": {
                    "raw_sentence": "200 mg every 3 weeks or 400 mg every 6 weeks Administer KEYTRUDA prior to chemotherapy when given on the same day.",
                    "raw_drug": "chemotherapy",
                    "drug_entity": "Drug",
                    "resolved_drug": "chemdec",
                    "intervention_type": "33",
                    "rxnorm_code": "215982",
                    "associated_details": {
                        "dosage": "",
                        "form": "",
                        "route": "",
                        "strength": "",
                        "frequency": "every 6 weeks",
                        "duration": "",
                        "disposition": "",
                        "relativedate": "",
                        "administration": "",
                        "cyclelength": ""
                    }
                }
            }
        ]
    },
    {}
]