[
    {},
    {},
    {},
    {},
    {},
    {},
    {},
    {},
    {},
    {
        "9 9": [
            {
                "azathioprine": {
                    "raw_sentence": "With azathioprine",
                    "raw_drug": "azathioprine",
                    "drug_entity": "Drug",
                    "resolved_drug": "azathioprine",
                    "intervention_type": "9",
                    "rxnorm_code": "1256",
                    "associated_details": {
                        "dosage": "",
                        "form": "",
                        "route": "",
                        "strength": "",
                        "frequency": "",
                        "duration": "",
                        "disposition": "Carcinogen|Purine antagonist|Immunomodulator",
                        "relativedate": "",
                        "administration": "",
                        "cyclelength": ""
                    }
                }
            }
        ]
    },
    {},
    {},
    {
        "12 12": [
            {
                "infliximab-dyyb": {
                    "raw_sentence": "With MMF/IL-2 receptor antagonist",
                    "raw_drug": "MMF/IL-2 receptor antagonist",
                    "drug_entity": "Drug",
                    "resolved_drug": "infliximab-dyyb",
                    "intervention_type": "12",
                    "rxnorm_code": "1790539",
                    "associated_details": {
                        "dosage": "",
                        "form": "",
                        "route": "",
                        "strength": "",
                        "frequency": "",
                        "duration": "",
                        "disposition": "Tumor necrosis factor alpha inhibitor|Murine-human monoclonal immunoglobulin G antibody|Tumour necrosis factor alpha inhibitor",
                        "relativedate": "",
                        "administration": "",
                        "cyclelength": ""
                    }
                }
            }
        ]
    },
    {},
    {},
    {},
    {},
    {},
    {
        "18 18": [
            {
                "corticool": {
                    "raw_sentence": "With corticosteroids only",
                    "raw_drug": "corticosteroids",
                    "drug_entity": "Drug",
                    "resolved_drug": "corticool",
                    "intervention_type": "18",
                    "rxnorm_code": "795064",
                    "associated_details": {
                        "dosage": "",
                        "form": "",
                        "route": "",
                        "strength": "",
                        "frequency": "",
                        "duration": "",
                        "disposition": "Adrenal cortex hormone|Adrenal cortical hormone",
                        "relativedate": "",
                        "administration": "",
                        "cyclelength": ""
                    }
                }
            }
        ]
    },
    {},
    {},
    {},
    {},
    {},
    {
        "24 24": [
            {
                "azathioprine": {
                    "raw_sentence": "With azathioprine or MMF",
                    "raw_drug": "azathioprine",
                    "drug_entity": "Drug",
                    "resolved_drug": "azathioprine",
                    "intervention_type": "24",
                    "rxnorm_code": "1256",
                    "associated_details": {
                        "dosage": "",
                        "form": "",
                        "route": "",
                        "strength": "",
                        "frequency": "",
                        "duration": "",
                        "disposition": "Carcinogen|Purine antagonist|Immunomodulator",
                        "relativedate": "",
                        "administration": "",
                        "cyclelength": ""
                    }
                }
            },
            {
                "mafenide": {
                    "raw_sentence": "With azathioprine or MMF",
                    "raw_drug": "MMF",
                    "drug_entity": "Drug",
                    "resolved_drug": "mafenide",
                    "intervention_type": "24",
                    "rxnorm_code": "6572",
                    "associated_details": {
                        "dosage": "",
                        "form": "",
                        "route": "",
                        "strength": "",
                        "frequency": "",
                        "duration": "",
                        "disposition": "Antibacterial|Immunomodulator",
                        "relativedate": "",
                        "administration": "",
                        "cyclelength": ""
                    }
                }
            }
        ]
    },
    {},
    {},
    {},
    {},
    {},
    {
        "30 30": [
            {
                "azathioprine": {
                    "raw_sentence": "With azathioprine or MMF",
                    "raw_drug": "azathioprine",
                    "drug_entity": "Drug",
                    "resolved_drug": "azathioprine",
                    "intervention_type": "30",
                    "rxnorm_code": "1256",
                    "associated_details": {
                        "dosage": "",
                        "form": "",
                        "route": "",
                        "strength": "",
                        "frequency": "",
                        "duration": "",
                        "disposition": "Carcinogen|Purine antagonist|Immunomodulator",
                        "relativedate": "",
                        "administration": "",
                        "cyclelength": ""
                    }
                }
            },
            {
                "mafenide": {
                    "raw_sentence": "With azathioprine or MMF",
                    "raw_drug": "MMF",
                    "drug_entity": "Drug",
                    "resolved_drug": "mafenide",
                    "intervention_type": "30",
                    "rxnorm_code": "6572",
                    "associated_details": {
                        "dosage": "",
                        "form": "",
                        "route": "",
                        "strength": "",
                        "frequency": "",
                        "duration": "",
                        "disposition": "Antibacterial|Immunomodulator",
                        "relativedate": "",
                        "administration": "",
                        "cyclelength": ""
                    }
                }
            }
        ]
    },
    {
        "31 31": [
            {
                "hypertears": {
                    "raw_sentence": "0.075 mg/kg/dayPatients with cystic fibrosis may require higher doses due to lower bioavailability",
                    "raw_drug": "higher doses",
                    "drug_entity": "Treatment",
                    "resolved_drug": "hypertears",
                    "intervention_type": "31",
                    "rxnorm_code": "545213",
                    "associated_details": {
                        "dosage": "",
                        "form": "",
                        "route": "",
                        "strength": "",
                        "frequency": "every 12 hours",
                        "duration": "",
                        "disposition": "",
                        "relativedate": "",
                        "administration": "",
                        "cyclelength": ""
                    }
                }
            }
        ]
    },
    {},
    {},
    {},
    {},
    {},
    {},
    {},
    {},
    {},
    {},
    {},
    {},
    {},
    {},
    {},
    {},
    {},
    {},
    {},
    {},
    {
        "52 52": [
            {
                "isatuximab injection": {
                    "raw_sentence": "0.3 mg/kg/dayDose at 0.1 mg/kg/day if antibody induction treatment is administered",
                    "raw_drug": "antibody induction treatment",
                    "drug_entity": "Treatment",
                    "resolved_drug": "isatuximab injection",
                    "intervention_type": "52",
                    "rxnorm_code": "2282022",
                    "associated_details": {
                        "dosage": "",
                        "form": "",
                        "route": "",
                        "strength": "",
                        "frequency": "",
                        "duration": "",
                        "disposition": "",
                        "relativedate": "",
                        "administration": "",
                        "cyclelength": ""
                    }
                }
            },
            {
                "charcocaps oral capsule": {
                    "raw_sentence": "capsules or oral suspension, divided in two doses, every 12 hours",
                    "raw_drug": "capsules or oral suspension",
                    "drug_entity": "Treatment",
                    "resolved_drug": "charcocaps oral capsule",
                    "intervention_type": "52",
                    "rxnorm_code": "366396",
                    "associated_details": {
                        "dosage": "",
                        "form": "",
                        "route": "",
                        "strength": "",
                        "frequency": "every 12 hours",
                        "duration": "",
                        "disposition": "",
                        "relativedate": "",
                        "administration": "",
                        "cyclelength": ""
                    }
                }
            }
        ]
    },
    {},
    {},
    {},
    {},
    {
        "57 57": [
            {
                "oral suspension": {
                    "raw_sentence": "0.3 mg/kg/day, capsules or oral suspension, divided in two doses, every 12 hours",
                    "raw_drug": "oral suspension",
                    "drug_entity": "Treatment",
                    "resolved_drug": "oral suspension",
                    "intervention_type": "57",
                    "rxnorm_code": "316969",
                    "associated_details": {
                        "dosage": "",
                        "form": "capsules",
                        "route": "",
                        "strength": "",
                        "frequency": "every 12 hours",
                        "duration": "",
                        "disposition": "",
                        "relativedate": "",
                        "administration": "",
                        "cyclelength": ""
                    }
                }
            }
        ]
    },
    {},
    {
        "59 59": [
            {
                "mycophenolate mofetil": {
                    "raw_sentence": "MMF= Mycophenolate mofetil",
                    "raw_drug": "Mycophenolate mofetil",
                    "drug_entity": "Drug",
                    "resolved_drug": "mycophenolate mofetil",
                    "intervention_type": "59",
                    "rxnorm_code": "68149",
                    "associated_details": {
                        "dosage": "",
                        "form": "",
                        "route": "",
                        "strength": "",
                        "frequency": "",
                        "duration": "",
                        "disposition": "Immunomodulator",
                        "relativedate": "",
                        "administration": "",
                        "cyclelength": ""
                    }
                }
            }
        ]
    },
    {
        "60 60": [
            {
                "mycophenolate mofetil": {
                    "raw_sentence": "MMF= Mycophenolate mofetil",
                    "raw_drug": "Mycophenolate mofetil",
                    "drug_entity": "Drug",
                    "resolved_drug": "mycophenolate mofetil",
                    "intervention_type": "60",
                    "rxnorm_code": "68149",
                    "associated_details": {
                        "dosage": "",
                        "form": "",
                        "route": "",
                        "strength": "",
                        "frequency": "",
                        "duration": "",
                        "disposition": "Immunomodulator",
                        "relativedate": "",
                        "administration": "",
                        "cyclelength": ""
                    }
                }
            }
        ]
    },
    {
        "61 61": [
            {
                "mycophenolate mofetil": {
                    "raw_sentence": "MMF= Mycophenolate mofetil",
                    "raw_drug": "Mycophenolate mofetil",
                    "drug_entity": "Drug",
                    "resolved_drug": "mycophenolate mofetil",
                    "intervention_type": "61",
                    "rxnorm_code": "68149",
                    "associated_details": {
                        "dosage": "",
                        "form": "",
                        "route": "",
                        "strength": "",
                        "frequency": "",
                        "duration": "",
                        "disposition": "Immunomodulator",
                        "relativedate": "",
                        "administration": "",
                        "cyclelength": ""
                    }
                }
            }
        ]
    }
]