[
    {},
    {
        "1 1": [
            {
                "commiphora africana resin": {
                    "raw_sentence": "PROGRAF CapsulesAfrican-American patients may require higher doses compared to Caucasians (see Table 2)",
                    "raw_drug": "PROGRAF CapsulesAfrican-American",
                    "drug_entity": "Treatment",
                    "resolved_drug": "commiphora africana resin",
                    "intervention_type": "1",
                    "rxnorm_code": "1537758",
                    "associated_details": {
                        "dosage": "",
                        "form": "",
                        "route": "",
                        "strength": "",
                        "frequency": "",
                        "duration": "",
                        "disposition": "",
                        "relativedate": "",
                        "administration": "",
                        "cyclelength": ""
                    }
                }
            },
            {
                "hypertears": {
                    "raw_sentence": "PROGRAF CapsulesAfrican-American patients may require higher doses compared to Caucasians (see Table 2)",
                    "raw_drug": "higher doses",
                    "drug_entity": "Treatment",
                    "resolved_drug": "hypertears",
                    "intervention_type": "1",
                    "rxnorm_code": "545213",
                    "associated_details": {
                        "dosage": "",
                        "form": "",
                        "route": "",
                        "strength": "",
                        "frequency": "",
                        "duration": "",
                        "disposition": "",
                        "relativedate": "",
                        "administration": "Oral",
                        "cyclelength": ""
                    }
                }
            }
        ]
    },
    {},
    {},
    {},
    {},
    {
        "6 6": [
            {
                "azathioprine": {
                    "raw_sentence": "With Azathioprine",
                    "raw_drug": "Azathioprine",
                    "drug_entity": "Drug",
                    "resolved_drug": "azathioprine",
                    "intervention_type": "6",
                    "rxnorm_code": "1256",
                    "associated_details": {
                        "dosage": "",
                        "form": "",
                        "route": "",
                        "strength": "",
                        "frequency": "",
                        "duration": "",
                        "disposition": "Carcinogen|Purine antagonist|Immunomodulator",
                        "relativedate": "",
                        "administration": "",
                        "cyclelength": ""
                    }
                }
            }
        ]
    },
    {},
    {},
    {
        "9 9": [
            {
                "tacrolimus": {
                    "raw_sentence": "With MMF/IL-2 receptor antagonistIn a second smaller trial, the initial dose of tacrolimus was 0.15-0.2 mg/kg/day and observed tacrolimus concentrations were 6-16 ng/mL during month 1-3 and 5-12 ng/mL during month 4-12 [see Clinical Studies (14.1)].",
                    "raw_drug": "tacrolimus",
                    "drug_entity": "Drug",
                    "resolved_drug": "tacrolimus",
                    "intervention_type": "9",
                    "rxnorm_code": "42316",
                    "associated_details": {
                        "dosage": "",
                        "form": "",
                        "route": "",
                        "strength": "0.15-0.2 mg/kg/day",
                        "frequency": "",
                        "duration": "",
                        "disposition": "Calcineurin inhibitor|Immunomodulator",
                        "relativedate": "",
                        "administration": "",
                        "cyclelength": ""
                    }
                }
            },
            {
                "tacrolimus": {
                    "raw_sentence": "With MMF/IL-2 receptor antagonistIn a second smaller trial, the initial dose of tacrolimus was 0.15-0.2 mg/kg/day and observed tacrolimus concentrations were 6-16 ng/mL during month 1-3 and 5-12 ng/mL during month 4-12 [see Clinical Studies (14.1)].",
                    "raw_drug": "tacrolimus",
                    "drug_entity": "Drug",
                    "resolved_drug": "tacrolimus",
                    "intervention_type": "9",
                    "rxnorm_code": "42316",
                    "associated_details": {
                        "dosage": "",
                        "form": "",
                        "route": "",
                        "strength": "0.15-0.2 mg/kg/day",
                        "frequency": "",
                        "duration": "",
                        "disposition": "Calcineurin inhibitor|Immunomodulator",
                        "relativedate": "",
                        "administration": "",
                        "cyclelength": ""
                    }
                }
            }
        ]
    },
    {},
    {},
    {},
    {},
    {},
    {
        "15 15": [
            {
                "corticool": {
                    "raw_sentence": "With corticosteroids only",
                    "raw_drug": "corticosteroids",
                    "drug_entity": "Drug",
                    "resolved_drug": "corticool",
                    "intervention_type": "15",
                    "rxnorm_code": "795064",
                    "associated_details": {
                        "dosage": "",
                        "form": "",
                        "route": "",
                        "strength": "",
                        "frequency": "",
                        "duration": "",
                        "disposition": "Adrenal cortex hormone|Adrenal cortical hormone",
                        "relativedate": "",
                        "administration": "",
                        "cyclelength": ""
                    }
                }
            }
        ]
    },
    {},
    {},
    {},
    {},
    {},
    {
        "21 21": [
            {
                "azathioprine": {
                    "raw_sentence": "With azathioprine or MMF",
                    "raw_drug": "azathioprine",
                    "drug_entity": "Drug",
                    "resolved_drug": "azathioprine",
                    "intervention_type": "21",
                    "rxnorm_code": "1256",
                    "associated_details": {
                        "dosage": "",
                        "form": "",
                        "route": "",
                        "strength": "",
                        "frequency": "",
                        "duration": "",
                        "disposition": "Carcinogen|Purine antagonist|Immunomodulator",
                        "relativedate": "",
                        "administration": "",
                        "cyclelength": ""
                    }
                }
            },
            {
                "mafenide": {
                    "raw_sentence": "With azathioprine or MMF",
                    "raw_drug": "MMF",
                    "drug_entity": "Drug",
                    "resolved_drug": "mafenide",
                    "intervention_type": "21",
                    "rxnorm_code": "6572",
                    "associated_details": {
                        "dosage": "",
                        "form": "",
                        "route": "",
                        "strength": "",
                        "frequency": "",
                        "duration": "",
                        "disposition": "Antibacterial|Immunomodulator",
                        "relativedate": "",
                        "administration": "",
                        "cyclelength": ""
                    }
                }
            }
        ]
    },
    {},
    {},
    {},
    {},
    {},
    {
        "27 27": [
            {
                "azathioprine": {
                    "raw_sentence": "With azathioprine or MMF",
                    "raw_drug": "azathioprine",
                    "drug_entity": "Drug",
                    "resolved_drug": "azathioprine",
                    "intervention_type": "27",
                    "rxnorm_code": "1256",
                    "associated_details": {
                        "dosage": "",
                        "form": "",
                        "route": "",
                        "strength": "",
                        "frequency": "",
                        "duration": "",
                        "disposition": "Carcinogen|Purine antagonist|Immunomodulator",
                        "relativedate": "",
                        "administration": "",
                        "cyclelength": ""
                    }
                }
            },
            {
                "mafenide": {
                    "raw_sentence": "With azathioprine or MMF",
                    "raw_drug": "MMF",
                    "drug_entity": "Drug",
                    "resolved_drug": "mafenide",
                    "intervention_type": "27",
                    "rxnorm_code": "6572",
                    "associated_details": {
                        "dosage": "",
                        "form": "",
                        "route": "",
                        "strength": "",
                        "frequency": "",
                        "duration": "",
                        "disposition": "Antibacterial|Immunomodulator",
                        "relativedate": "",
                        "administration": "",
                        "cyclelength": ""
                    }
                }
            }
        ]
    },
    {},
    {}
]