[
    {},
    {
        "1 1": [
            {
                "previcox oral product": {
                    "raw_sentence": "Initial PROGRAF Capsule and PROGRAF Granules Dosing",
                    "raw_drug": "Initial PROGRAF Capsule",
                    "drug_entity": "Treatment",
                    "resolved_drug": "previcox oral product",
                    "intervention_type": "1",
                    "rxnorm_code": "1177648",
                    "associated_details": {
                        "dosage": "",
                        "form": "",
                        "route": "",
                        "strength": "",
                        "frequency": "",
                        "duration": "",
                        "disposition": "",
                        "relativedate": "",
                        "administration": "",
                        "cyclelength": ""
                    }
                }
            },
            {
                "paser d/r granule product": {
                    "raw_sentence": "Initial PROGRAF Capsule and PROGRAF Granules Dosing",
                    "raw_drug": "PROGRAF Granules Dosing",
                    "drug_entity": "Treatment",
                    "resolved_drug": "paser d/r granule product",
                    "intervention_type": "1",
                    "rxnorm_code": "1296139",
                    "associated_details": {
                        "dosage": "",
                        "form": "",
                        "route": "",
                        "strength": "",
                        "frequency": "",
                        "duration": "",
                        "disposition": "",
                        "relativedate": "",
                        "administration": "",
                        "cyclelength": ""
                    }
                }
            }
        ]
    },
    {},
    {
        "3 3": [
            {
                "sultrex pediatric": {
                    "raw_sentence": "Pediatric kidney transplant patientsSee Clinical Pharmacology (12.3), PROGRAF Granules Pharmacokinetics in Pediatric Patients.",
                    "raw_drug": "Pediatric kidney transplant",
                    "drug_entity": "Treatment",
                    "resolved_drug": "sultrex pediatric",
                    "intervention_type": "3",
                    "rxnorm_code": "544155",
                    "associated_details": {
                        "dosage": "",
                        "form": "",
                        "route": "",
                        "strength": "",
                        "frequency": "",
                        "duration": "",
                        "disposition": "",
                        "relativedate": "",
                        "administration": "",
                        "cyclelength": ""
                    }
                }
            },
            {
                "pharmaf": {
                    "raw_sentence": "Pediatric kidney transplant patientsSee Clinical Pharmacology (12.3), PROGRAF Granules Pharmacokinetics in Pediatric Patients.",
                    "raw_drug": "Clinical Pharmacology",
                    "drug_entity": "Treatment",
                    "resolved_drug": "pharmaf",
                    "intervention_type": "3",
                    "rxnorm_code": "219189",
                    "associated_details": {
                        "dosage": "",
                        "form": "",
                        "route": "",
                        "strength": "",
                        "frequency": "",
                        "duration": "",
                        "disposition": "",
                        "relativedate": "",
                        "administration": "",
                        "cyclelength": ""
                    }
                }
            },
            {
                "granule product": {
                    "raw_sentence": "Pediatric kidney transplant patientsSee Clinical Pharmacology (12.3), PROGRAF Granules Pharmacokinetics in Pediatric Patients.",
                    "raw_drug": "Granules Pharmacokinetics",
                    "drug_entity": "Treatment",
                    "resolved_drug": "granule product",
                    "intervention_type": "3",
                    "rxnorm_code": "1294708",
                    "associated_details": {
                        "dosage": "",
                        "form": "",
                        "route": "",
                        "strength": "",
                        "frequency": "",
                        "duration": "",
                        "disposition": "",
                        "relativedate": "",
                        "administration": "",
                        "cyclelength": ""
                    }
                }
            }
        ]
    },
    {},
    {},
    {
        "6 6": [
            {
                "pediatric apap": {
                    "raw_sentence": "Pediatric liver transplant patientsSee Clinical Studies (14.2), Liver Transplantation.",
                    "raw_drug": "Pediatric liver transplant",
                    "drug_entity": "Treatment",
                    "resolved_drug": "pediatric apap",
                    "intervention_type": "6",
                    "rxnorm_code": "219137",
                    "associated_details": {
                        "dosage": "",
                        "form": "",
                        "route": "",
                        "strength": "",
                        "frequency": "",
                        "duration": "",
                        "disposition": "",
                        "relativedate": "",
                        "administration": "",
                        "cyclelength": ""
                    }
                }
            },
            {
                "liver extract injectable product": {
                    "raw_sentence": "Pediatric liver transplant patientsSee Clinical Studies (14.2), Liver Transplantation.",
                    "raw_drug": "Liver Transplantation",
                    "drug_entity": "Treatment",
                    "resolved_drug": "liver extract injectable product",
                    "intervention_type": "6",
                    "rxnorm_code": "1164705",
                    "associated_details": {
                        "dosage": "",
                        "form": "",
                        "route": "",
                        "strength": "",
                        "frequency": "",
                        "duration": "",
                        "disposition": "",
                        "relativedate": "",
                        "administration": "",
                        "cyclelength": ""
                    }
                }
            }
        ]
    },
    {},
    {},
    {
        "9 9": [
            {
                "recombivax hb pediatric/adolescent": {
                    "raw_sentence": "Pediatric heart transplant patients",
                    "raw_drug": "Pediatric heart transplant",
                    "drug_entity": "Treatment",
                    "resolved_drug": "recombivax hb pediatric/adolescent",
                    "intervention_type": "9",
                    "rxnorm_code": "405291",
                    "associated_details": {
                        "dosage": "",
                        "form": "",
                        "route": "",
                        "strength": "",
                        "frequency": "",
                        "duration": "",
                        "disposition": "",
                        "relativedate": "",
                        "administration": "",
                        "cyclelength": ""
                    }
                }
            }
        ]
    },
    {
        "10 10": [
            {
                "isatuximab injection": {
                    "raw_sentence": "0.3 mg/kg/dayDose at 0.1 mg/kg/day if antibody induction treatment is administered",
                    "raw_drug": "antibody induction treatment",
                    "drug_entity": "Treatment",
                    "resolved_drug": "isatuximab injection",
                    "intervention_type": "10",
                    "rxnorm_code": "2282022",
                    "associated_details": {
                        "dosage": "",
                        "form": "",
                        "route": "",
                        "strength": "",
                        "frequency": "",
                        "duration": "",
                        "disposition": "",
                        "relativedate": "",
                        "administration": "",
                        "cyclelength": ""
                    }
                }
            },
            {
                "charcocaps oral capsule": {
                    "raw_sentence": "capsules or oral suspension, divided in two doses, administered every 12 hours",
                    "raw_drug": "capsules or oral suspension",
                    "drug_entity": "Treatment",
                    "resolved_drug": "charcocaps oral capsule",
                    "intervention_type": "10",
                    "rxnorm_code": "366396",
                    "associated_details": {
                        "dosage": "",
                        "form": "",
                        "route": "",
                        "strength": "",
                        "frequency": "every 12 hours",
                        "duration": "",
                        "disposition": "",
                        "relativedate": "",
                        "administration": "",
                        "cyclelength": ""
                    }
                }
            }
        ]
    },
    {},
    {
        "12 12": [
            {
                "sultrex pediatric": {
                    "raw_sentence": "Pediatric lung transplant patients",
                    "raw_drug": "Pediatric lung transplant",
                    "drug_entity": "Treatment",
                    "resolved_drug": "sultrex pediatric",
                    "intervention_type": "12",
                    "rxnorm_code": "544155",
                    "associated_details": {
                        "dosage": "",
                        "form": "",
                        "route": "",
                        "strength": "",
                        "frequency": "",
                        "duration": "",
                        "disposition": "",
                        "relativedate": "",
                        "administration": "",
                        "cyclelength": ""
                    }
                }
            }
        ]
    },
    {
        "13 13": [
            {
                "charcocaps oral capsule": {
                    "raw_sentence": "capsules or oral suspension, divided in two doses, administered every 12 hours",
                    "raw_drug": "capsules or oral suspension",
                    "drug_entity": "Treatment",
                    "resolved_drug": "charcocaps oral capsule",
                    "intervention_type": "13",
                    "rxnorm_code": "366396",
                    "associated_details": {
                        "dosage": "",
                        "form": "",
                        "route": "",
                        "strength": "",
                        "frequency": "every 12 hours",
                        "duration": "",
                        "disposition": "",
                        "relativedate": "",
                        "administration": "",
                        "cyclelength": ""
                    }
                }
            }
        ]
    },
    {}
]